instance_name,best_model,best_r2_score
oc8051gm0caddr,linear,0.9525752416975186
csmacdp2,linear,0.9142024298856631
139452p0,linear,0.996948643972362
zipcpu-pfcache-p13,linear,0.9966764543729124
bobsmdct,linear,0.9651795362320528
beemfwt2b2,linear,0.9453186950455095
oski15a08b07s,polynomial,0.9952048419561274
qspiflash_dualflexpress_divfive-p092,linear,0.8986536364394739
qspiflash_dualflexpress_divfive-p079,linear,0.9151949125435188
bobtuint12neg,linear,0.9457554161081605
picorv32_mutCY_nomem-p3,exponential,0.9327565539032797
texaspimainp05,linear,0.904000845877678
6s326rb08,linear,0.9980081974962908
oski15a08b11s,exponential,0.9242259664933891
oski15a14b32s,linear,0.9978778171181688
picorv32-check-p20,polynomial,0.9828028287679621
qspiflash_dualflexpress_divthree-p012,exponential,0.9971008823099156
visemodel,linear,0.9487744438132787
qspiflash_dualflexpress_divthree-p006,linear,0.9213237198790205
pdtpmsretherrtf,polynomial,0.9718059968491706
intel026,polynomial,0.9925444804265282
rast-p01,linear,0.9539524096417553
vcegar_arrays_itc99_b12_p2,polynomial,0.9840782839124022
oc8051gmcadata,linear,0.9433714522217133
gen44,exponential,0.9183698955967472
kenflashp13,linear,0.998823214598822
kenflashp07,linear,0.9994573873022403
arbitrated_top_n2_w64_d64_e0,polynomial,0.9788909292233906
oski15a01b70s,exponential,0.9664269824490828
qspiflash_qflexpress_divfive-p036,linear,0.9008510128939489
rast-p00,exponential,0.9879407524076168
qspiflash_dualflexpress_divthree-p007,polynomial,0.9957690955932587
bobtuint24,linear,0.9988699390046074
eijkbs1512,exponential,0.9912510545236959
picorv32-check-p09,linear,0.9182888758102755
oski15a01b27s,linear,0.9991593683007239
qspiflash_dualflexpress_divfive-p050,linear,0.9033756061210265
6s207rb28,polynomial,0.9624710545822678
oski15a01b31s,linear,0.9923107879841063
beemlann2f1,exponential,0.9965172802617491
oski15a14b08s,linear,0.9391200627702033
h_TreeArb,polynomial,0.9887083112342712
pdtvisns3p02,polynomial,0.9373614592159575
6s204b19,linear,0.9744542606533793
oski15a01b11s,linear,0.9993331445933998
mentorbm1or,linear,0.9968233180643987
pdtvistimeout0,exponential,0.9901872503277392
beemcycschd3b1,linear,0.919464259752102
6s184,polynomial,0.9295855313021308
6s221rb14,linear,0.9701216356054987
6s515rb1,linear,0.9177551906087656
texaspimainp12,polynomial,0.9574844035929908
picorv32_mutCY_nomem-p0,exponential,0.9995424940318394
6s277rb292,polynomial,0.9924099399405415
oc8051gmb8addr,linear,0.9574603727388542
cal122,exponential,0.9999871027889143
qspiflash_dualflexpress_divthree-p005,polynomial,0.9849358791304229
qspiflash_dualflexpress_divfive-p126,polynomial,0.9866550278350001
intel031,polynomial,0.9963228570701633
eijks713,linear,0.9293457721713991
blocks,None,
oski15a01b07s,linear,0.9969389035177246
dme6p1,linear,0.9976190382394182
frogs,None,
arbitrated_top_n4_w8_d64_e0,exponential,0.9556968114088782
pdtvisrethersqo0,linear,0.9910347441115119
kenflashp11,polynomial,0.9539687717291626
eijks510,polynomial,0.9930450130384268
kenflashp04,linear,0.9974930220142851
kenflashp10,linear,0.9997121045423564
pdtvisminmax0,linear,0.9815558319626342
oski15a07b5s,linear,0.9603182684127558
139444p22,linear,0.9518874410418007
bobmiterbm1and,linear,0.999544642457936
rast-p03,linear,0.9556480790899627
oski15a14b12s,linear,0.9261983251720556
qspiflash_dualflexpress_divfive-p133,linear,0.9263739497674751
qspiflash_dualflexpress_divthree-p010,polynomial,0.9922022198231223
bobsynth13,linear,0.996866684547383
intel024,polynomial,0.9720252242470775
cal123,exponential,0.9999696267298219
qspiflash_dualflexpress_divfive-p127,polynomial,0.98465066987785
6s0,exponential,0.990408155915218
beemcmbrdg1f1,exponential,0.9929875393381239
picorv32-check-p22,linear,0.9673741393372498
beemprdcell2f1,exponential,0.9683963641947059
qspiflash_dualflexpress_divthree-p164,linear,0.8977323211095631
nusmvsyncarb5p2,linear,0.9633680662236541
qspiflash_dualflexpress_divthree-p158,linear,0.9329851717780001
vgasim_imgfifo-p082,linear,0.9554996295642257
oc8051gm68addr,linear,0.9589252392521944
oski15a14b05s,linear,0.8573688292344882
zipcpu-pfcache-p01,linear,0.9018678854034543
beembrptwo6b1,polynomial,0.9925446077623037
oski3b3i,linear,0.9980925924572702
abp4p2ff,linear,0.9429187466442854
oski15a10b11s,polynomial,0.9844916625458465
6s428rb098,exponential,0.9999987754988998
anderson,None,
6s202b41,exponential,0.9697314949344721
oski15a10b07s,linear,0.9303193256881134
6s325rb072,linear,0.900443039086909
oc8051gma6data,linear,0.9659127961379239
intel020,exponential,0.9807172533689089
6s4,linear,0.9910643606727072
139454p0,linear,0.9989487189482895
bj08aut82,linear,0.9766518291276637
oski15a14b13s,linear,0.8968394258510323
zipcpu-busdelay-p15,linear,0.9623039857288429
zipcpu-busdelay-p00,polynomial,0.9810910229926147
pdtvisblackjack2,linear,0.9997020829210673
arbitrated_top_n3_w16_d32_e0,polynomial,0.8687650705202042
kenflashp01,linear,0.9496684934747116
gen43,exponential,0.9991858709389448
power2eq2048,polynomial,0.9851344851179173
eijks298,linear,0.9732767662436683
srg5ptimo,linear,0.9910195176025975
rast-p06,linear,0.9818677714010889
intel009,linear,0.8747052914129885
6s362rb1,linear,0.9937769587365435
intel035,linear,0.8561227409428176
qspiflash_dualflexpress_divfive-p136,linear,0.9267000791126674
mul9,None,
oski15a01b51s,exponential,0.927513888636302
qspiflash_dualflexpress_divthree-p161,exponential,0.958366878502046
oski15a14b29s,linear,0.9978645504963778
ndista262144,polynomial,0.9874786960368814
vgasim_imgfifo-p093,linear,0.9366864605342683
oc8051gm2daddr,linear,0.908790466859739
oski15a01b47s,linear,0.994903446485026
pdtswvtma6x4p1,linear,0.917283734452069
6s194,polynomial,0.9895784358837713
pdtpmscoherence,polynomial,0.9961071940211682
zipcpu-pfcache-p28,linear,0.9983785778730827
oski15a01b10s,linear,0.9993784376287924
zipcpu-pfcache-p02,polynomial,0.91785363582711
pcip1,linear,0.9965095701466615
oski15a01b67s,linear,0.9836643238162405
vis_arrays_am2901,polynomial,0.8295075212741243
oski15a14b09s,linear,0.9897431153885402
oski15a01b30s,exponential,0.9708105515072322
qspiflash_dualflexpress_divfive-p097,linear,0.9280381143376004
arbitrated_top_n3_w64_d64_e0,exponential,0.9616579531876577
pdtvisminmaxr1,linear,0.9931442137392734
arbitrated_top_n4_w16_d16_e0,polynomial,0.8700487538406758
qspiflash_dualflexpress_divfive-p054,linear,0.9143227604723696
oc8051gm12data,linear,0.9367399409762105
intel037,linear,0.99784891967944
intel023,exponential,0.9727464196635224
qspiflash_dualflexpress_divfive-p120,polynomial,0.9965819366095271
picorv32-check-p19,linear,0.9774849107440648
6s7,linear,0.8879314953621397
cal118,exponential,0.9985950667404334
oski15a01b71s,linear,0.9991777673511181
rast-p04,linear,0.983372253732347
eijkbs4863,linear,0.9212997003353199
power2sum256,linear,0.9206846660886552
kenflashp03,linear,0.9996228256233959
6s206rb025,linear,0.9974389695118301
pdtvisblackjack0,linear,0.9988048387452011
pdtvisblackjack1,linear,0.9989998592045931
bobtuint26neg,linear,0.880554574789364
6s400rb07819,linear,0.9990741671112144
beemextnc3f1,exponential,0.9103548070637951
marlann_compute_cp_pass-p2,linear,0.9982269155534392
rast-p11,linear,0.9969254058169025
cal119,polynomial,0.977283769652619
6s351rb15,linear,0.9507850489382776
cal125,exponential,0.9998739697965567
qspiflash_dualflexpress_divfive-p135,linear,0.8970774583206393
intel036,linear,0.8716998467134349
texaspimainp01,linear,0.913299024269326
arbitrated_top_n4_w16_d32_e0,polynomial,0.8612917087347252
oski15a14b33s,linear,0.872524173433374
vgasim_imgfifo-p047,linear,0.9833461219179889
6s372rb26,linear,0.998792669446745
neclaftp5001,linear,1.0
oski15a14b25s,linear,0.9972970728144879
oski15a08b06s,exponential,0.9717653032822915
oski1rub03i,linear,0.9979931016819759
picorv32_mutCX_nomem-p0,exponential,0.9997650862827001
bob9234spec5neg,exponential,0.9924707274154646
bobcount,linear,0.9625619869562463
neclaftp1002,linear,0.9870685812836576
pdtvisvsa16a16,linear,0.9825678483833858
pdtpmsam2901,linear,0.9525165750174253
oski15a01b17s,linear,0.9971600009281741
prodcellp4,linear,0.9718375042680649
pdtvisvending07,linear,0.8904077395210664
beemfrogs4f1,exponential,0.965133579185626
power2bit8,linear,0.946872151074452
eijks820,linear,0.9102480444951482
bob12s03,polynomial,0.8745417671097402
pj2018,linear,0.9879723299879455
qspiflash_dualflexpress_divthree-p111,linear,0.906301577224266
pdtswvtms14x8p1,linear,0.9354828512041908
oski15a01b56s,linear,0.9975612978065379
intel045,linear,0.9550079905277908
cal142,exponential,0.9997839331569133
6s355rb08740,linear,0.9980365579854069
nusmvguidancep1,linear,0.9586826110965241
vis_arrays_am2910_p2,linear,0.9823294382934317
zipversa_composecrc_prf-p00,linear,0.9996316934197141
counterp0,linear,0.9816825805379691
6s288r,linear,0.9281099594813291
beemlup1b1,linear,0.999696146197047
oski15a01b01s,exponential,0.9854883012971076
oc8051gm36addr,linear,0.9658450847084052
oski15a07b3s,linear,0.9742444228544698
oski15a14b14s,linear,0.9978785695443888
zipversa_composecrc_prf-p15,linear,0.9879948808144292
vis_arrays_am2910_p3,linear,0.9343593861243382
cal143,exponential,0.999662357794945
intel044,linear,0.955048026999455
nusmvreactorp1,linear,0.9986872306276425
brpp1,linear,0.8894364083975288
pdtvsarmultip29,linear,0.9952594771343615
oski15a10b00s,polynomial,0.9155059871091712
6s389b02,linear,0.9879886294705402
beemlifts2b1,exponential,0.9967238520363182
bob12s02,linear,0.8979483489582223
eijks208c,polynomial,0.9910900722085179
stack-p2,linear,0.9958507596576828
dspfilters_fastfir_second-p16,polynomial,0.9153615823733294
shift_register_top_w32_d8_e0,linear,0.9205267806943707
vcegar_QF_BV_itc99_b13_p10,polynomial,0.9846586383973515
qspiflash_qflexpress_divfive-p121,exponential,0.9892686766805313
qspiflash_qflexpress_divfive-p137,polynomial,0.9867822270474021
pdtvisbakery2,polynomial,0.9893680667081115
intersymbol_analog_estimation_convergence,exponential,0.9670428014313195
arbitrated_top_n3_w16_d128_e0,exponential,0.9584855496535118
cal4,polynomial,0.9924624708392163
shift1add2048,polynomial,0.9941572268285166
shift_register_top_w64_d8_e0,polynomial,0.9295717533760537
oski15a08b01s,exponential,0.9186871435069771
bobtuintand,linear,0.9957002429914266
qspiflash_dualflexpress_divthree-p106,exponential,0.9386858165002725
bobtuint22neg,linear,0.8844460888442752
oski15a08b17s,exponential,0.9066289376976151
pdtvisgigamax3,linear,0.9195913878846257
nusmvreactorp3,linear,0.9690001999943434
intel046,linear,0.9589389936753528
vis_arrays_am2910_p1,linear,0.890740801110083
zipversa_composecrc_prf-p17,linear,0.9977906404040474
139453p0,linear,0.9988473016822531
beemmcs6f1,exponential,0.9072177478963581
pgm_protocol,None,
shift_register_top_w16_d64_e0,exponential,0.9960264841910462
arbitrated_top_n5_w32_d32_e0,polynomial,0.8679330648948143
qspiflash_qflexpress_divfive-p094,linear,0.8938048654082368
6s391rb379,linear,0.9829021339139267
gen31,linear,0.918636356450868
arbitrated_top_n2_w128_d64_e0,polynomial,0.9515745508359793
oski15a14b18s,linear,0.9894786313778128
cal140,exponential,0.9996971541263879
intel047,linear,0.9614983355646843
6s290,linear,0.9842188884834385
arbitrated_top_n5_w8_d32_e0,polynomial,0.8683761000163688
oski15a01b21s,linear,0.9869703762916664
boblivear,linear,0.9174778843714407
qspiflash_dualflexpress_divthree-p113,exponential,0.9699056202400554
stack-p1,polynomial,0.9676179016142973
vis4arbitp1,polynomial,0.9783769082570343
beemlmprt8f1,polynomial,0.8465134581015372
texasifetch1p1,linear,0.9899318659280569
zipcpu-zipmmu-p09,linear,0.9908961692383093
oski15a01b37s,linear,0.9988233619855642
beembrptwo3b2,polynomial,0.9737429306286325
bobsmoci,polynomial,0.9889281737019655
bobtuint18neg,linear,0.9302994108235937
eijks349,linear,0.9631341560054086
pdtvisretherrtf1,linear,0.9975146987360819
6s119,exponential,0.9970072751914878
qspiflash_qflexpress_divfive-p122,linear,0.9378322865369959
oski15a01b61s,linear,0.9967931055792888
6s109,polynomial,0.9854709681696547
pdtvisvsa16a10,linear,0.9950279167761337
pdtswvibs8x8p0,linear,0.8944073146760286
irstdme5,linear,0.9133207508414936
eijks832,linear,0.9253650275289361
bobtuint20neg,linear,0.9269739018705117
zipcpu-zipmmu-p31,polynomial,0.9771694729792616
arbitrated_top_n2_w8_d32_e0,polynomial,0.8648614482917462
shift1add256,polynomial,0.9908161998832601
oski15a01b20s,linear,0.9889734919142898
mentorbm1p09,exponential,0.9530242611333014
6s421rb083,linear,0.9302219341231998
intel043,polynomial,0.9330332607739011
pdtvisns2p3,linear,0.9994700948916562
nusmvreactorp6,polynomial,0.9536253315241507
qspiflash_dualflexpress_divfive-p154,linear,0.8978194155263012
intel057,linear,0.9452308284208959
6s13,exponential,0.9996326353552725
oski15a01b77s,linear,0.9924757395048353
gen35,polynomial,0.9630207245947426
gen21,linear,0.9460216077749622
oski15a14b19s,linear,0.997425454280686
pdtviscoherence4,linear,0.9516572586328754
nusmvguidancep6,linear,0.9038668997532887
zipversa_composecrc_prf-p07,linear,0.996639316214231
6s306rb03,linear,0.9950303693707784
pdtvsarmultip13,linear,0.9988793101651117
qspiflash_dualflexpress_divthree-p076,polynomial,0.9922294653245561
intel056,linear,0.9179981840357413
intel042,polynomial,0.9810083988714633
simple_alu,linear,0.9671557000392741
eijks953,linear,0.9240424149999397
6s271rb045,polynomial,0.9620180554934119
oski15a08b16s,polynomial,0.525550454692354
6s271rb079,linear,0.9618174701613403
arbitrated_top_n2_w8_d16_e0,polynomial,0.8692386650972945
arbitrated_top_n4_w32_d32_e0,polynomial,0.8658222279747376
6s273b37,linear,0.9260647053772838
qspiflash_dualflexpress_divfive-p009,linear,0.9035983362494511
bobtuint08neg,polynomial,0.9937752975737844
ringp0,linear,0.9863643395134775
oc8051gmdaaddr,linear,0.9546078274778483
dspfilters_fastfir_second-p04,linear,0.992989135397842
cal99,exponential,0.9999834510389128
dspfilters_fastfir_second-p10,polynomial,0.8741434976418747
6s276rb342,polynomial,0.9739269324629148
oski15a14b23s,polynomial,0.8734684601904166
bobtuint16neg,polynomial,0.9815281877577394
6s406rb067,linear,0.9816968069375726
pdtvisvending00,linear,0.9179357271131156
marlann_compute_cp_fail1-p2,linear,0.9843120816534024
6s134,polynomial,0.933045347396905
productioncellp0,linear,0.9096673203087124
6s120,linear,0.9655318466007594
6s108,polynomial,0.9914150711508644
bobcohdoptdcd4,exponential,0.9724829497671856
oski15a14b03s,polynomial,0.8545358690936556
6s122,polynomial,0.9607334676145789
6s317b14,exponential,0.9625719566380435
circular_pointer_top_w8_d16_e0,polynomial,0.9066040595652171
prodcellp1,linear,0.9983686826628513
irstdme6,linear,0.926000133883586
nusmvtcasp3,linear,0.8909876430185926
oski15a10b17s,linear,0.9992156186394153
zipcpu-zipmmu-p26,exponential,0.8967820213746549
qspiflash_dualflexpress_divfive-p037,linear,0.8992207060498455
6s319r,polynomial,0.8744010098236615
oski15a10b01s,linear,0.9965616563353462
nusmvreactorp5,linear,0.8820410433823536
qspiflash_dualflexpress_divfive-p143,linear,0.9954695154656824
intel040,polynomial,0.9669811666747709
oski2b1i,linear,0.9937769631575152
brp2,None,
oski15a14b15s,linear,0.9960358688844286
pdtvsar8multip23,linear,0.9977526077598976
bobmiterbm1or,linear,0.9988699390046074
qspiflash_qflexpress_divfive-p079,linear,0.9034460500837371
zipversa_composecrc_prf-p11,linear,0.9949051095808596
6s38,polynomial,0.9918393322309568
arbitrated_top_n3_w32_d16_e0,polynomial,0.8730457282127603
bj08vendingcycle,polynomial,0.9868434739134258
6s301rb106,linear,0.952959945834667
beemandrsn4b1,exponential,0.9986419741181766
bjrb07amba1andenv,linear,0.9986374446871112
6s215rb0,linear,0.8765840969598201
pdtvisgigamax4,linear,0.9409786395763552
nusmvreactorp4,linear,0.8844774983884454
bobuns2p10d100l,linear,0.9460085727374201
qspiflash_dualflexpress_divthree-p075,linear,0.8985793907398689
oski15a01b57s,linear,0.9966278887883364
circular_pointer_top_w128_d8_e0,polynomial,0.9368517056394741
mutexp0,linear,0.9455360505537216
cmuperiodic,linear,0.9984539433586752
qspiflash_dualflexpress_divfive-p022,linear,0.9978947744454084
zipcpu-zipmmu-p33,linear,0.8918098653601866
dspfilters_fastfir_second-p07,linear,0.918231263482267
oski15a01b41s,exponential,0.9293294150349486
eijks1238,linear,0.9840089391994166
nusmvtcasp2,linear,0.9942232428605794
shift_register_top_w128_d16_e0,exponential,0.9965970713106803
kenoopp1,linear,0.9185172339241623
oski15a01b16s,linear,0.9985083891972132
circular_pointer_top_w16_d32_e0,polynomial,0.8655057711499156
nusmvbrp,polynomial,0.9914182843224395
arbitrated_top_n4_w64_d32_e0,polynomial,0.8729497949095844
zipcpu-zipmmu-p02,linear,0.9158572109037169
cal97,exponential,0.9993916540269032
arbitrated_top_n3_w8_d128_e0,exponential,0.9931621782730309
oski15a10b14s,exponential,0.9961143218756533
paper_v3,polynomial,0.9846586383973515
bj08amba5g62,linear,0.9980215805868514
qspiflash_dualflexpress_divfive-p007,polynomial,0.9902187649405878
qspiflash_dualflexpress_divthree-p124,linear,0.9272844970600778
oski15a01b39s,linear,0.9870490990601175
arbitrated_top_n3_w8_d16_e0,polynomial,0.8739903211690406
oski2b2i,linear,0.9982120327008058
6s210b037,linear,0.9962582752517292
pdtpmstwo,polynomial,0.9428265197300914
6s20,linear,0.8158325396181942
prodcellp2neg,linear,0.9973938731661532
oski15a14b16s,linear,0.9957692729277439
pdtvsar8multip13,linear,0.9953900092930589
nusmvguidancep8,polynomial,0.9844355207157588
qspiflash_qflexpress_divfive-p075,linear,0.8999648378588794
pdtvisgoodbakery0,polynomial,0.9744683221391943
oski15a07b1s,linear,0.9423317088937291
bc57sensorsp2,polynomial,0.9771269652814313
power2bit128,polynomial,0.9941572268285166
bj08amba3g1,linear,0.9939375448271504
gen12,linear,0.8974239466487387
6s344rb150,linear,0.9989257841258418
6s307rb09,linear,0.999129006462702
oski15a01b03s,exponential,0.9936663989116649
qspiflash_qflexpress_divfive-p048,polynomial,0.951090986815545
cmugigamax,linear,0.8937601892341002
vcegar_QF_BV_ar,linear,0.9974729120278009
cal162,polynomial,0.9929347423194363
cal176,exponential,0.9982177923011375
intel059,linear,0.9423242772887257
pdtvsarmultip08,linear,0.9946837434404607
oc8051gmfbaddr,linear,0.9591986287009172
mentorbm1p07,linear,0.941749168043195
139464p0,linear,0.998578028437866
nusmvsyncarb10p2,linear,0.9485517366286753
cal41,linear,0.894193810263881
pj2010,linear,0.9917217924119892
6s404rb4,polynomial,0.9935397319069628
oski15a01b42s,exponential,0.9598386354281859
6s206rb103,linear,0.998839259395965
6s329rb19,polynomial,0.9949088280389993
6s339rb19,exponential,0.9779880906350745
oski15a01b15s,linear,0.9982437466724278
qspiflash_qflexpress_divfive-p100,polynomial,0.9848652443042306
pdtswvsam6x8p1,linear,0.9776243263361066
pdtpmsns2,polynomial,0.9888604038462576
beemszmsk1f1,polynomial,0.9894181834952757
dspfilters_fastfir_second-p21,linear,0.9975106628267295
dspfilters_fastfir_second-p09,linear,0.7967256821293429
oski15a01b35s,linear,0.9975353789017047
bob9234spec6neg,linear,0.9374699598916778
pj2006,linear,0.9231307949284313
bob12s09,exponential,0.9999933098138089
139442p1,linear,0.912245808992443
mentorbm1p05,linear,0.8869047642957728
dme6p1neg,linear,0.999635876589206
oski15a01b23s,linear,0.9951755723342401
arbitrated_top_n3_w64_d128_e0,exponential,0.9911014934372581
oc8051gmc6data,linear,0.9401357246203708
qspiflash_dualflexpress_divfive-p164,linear,0.9325214384789499
nusmvtcastp3,linear,0.9959300917039108
zipversa_composecrc_prf-p22,linear,0.9813163214064833
6s357r,exponential,0.9899609086992879
bc57sensorsp1,exponential,0.9821486577308061
viscoherencep3,polynomial,0.97927108939257
zipcpu-busdelay-p46,polynomial,0.9905081504018369
gen39,linear,0.9381195924054495
6s269r,exponential,0.9922640493522038
gen10,linear,0.9289764559424671
zipcpu-busdelay-p47,exponential,0.9895728011248744
viscoherencep2,linear,0.9583802078570876
eijks1196,linear,0.9683792489369301
bc57sensorsp0,polynomial,0.9725132114946936
bj08amba2g4f3,linear,0.8805429484782338
qspiflash_qflexpress_divfive-p063,linear,0.8798614299418417
arbitrated_top_n4_w16_d64_e0,exponential,0.8931351738343495
qspiflash_dualflexpress_divthree-p046,linear,0.9191204609627384
intel066,polynomial,0.9975269522453406
cal161,linear,0.9306663556424606
cal149,exponential,0.9999705068125193
qspiflash_dualflexpress_divthree-p085,polynomial,0.9854050462367012
oski15a08b15s,exponential,0.9189604860914737
beemadd4b1,exponential,0.9433458222738241
139442p0,linear,0.9998183053226819
pj2007,linear,0.9780858950967273
beemptrsn4b1,linear,0.8891023286273159
at,None,
oski15a08b03s,exponential,0.9637515917481309
cal81,linear,0.9476690541001992
pdtvisvsar22,linear,0.9996800627039595
zipcpu-zipmmu-p14,polynomial,0.9880580134165576
texasifetch1p8,linear,0.9964828262248725
zipcpu-zipmmu-p00,linear,0.9016941810191658
oski15a01b19s,exponential,0.8674117264133241
bjrb07amba4andenv,linear,0.9328931324573306
qspiflash_qflexpress_divfive-p107,exponential,0.9548032731971415
qspiflash_qflexpress_divfive-p113,exponential,0.966592813821159
oc8051gm15addr,linear,0.9518820708793273
beemmsmie1f1,exponential,0.9945119918212926
eijks344,linear,0.9830409050002247
6s339rb22,polynomial,0.8738418127758478
oski15a14b21s,polynomial,0.8628628646401473
qspiflash_dualflexpress_divthree-p136,linear,0.903420353044546
pj2003,linear,0.9984465197895501
cmudme2,exponential,0.9809386186749408
beemtrngt4b1,polynomial,0.9924264305051509
bob9234spec4neg,linear,0.9981052814782352
oski15a08b14s,exponential,0.9236995987157256
qspiflash_dualflexpress_divfive-p161,polynomial,0.9856875581189685
oski15a01b59s,exponential,0.8551356838847197
cal159,linear,0.8987765025975608
neclaftp4001,linear,0.9977704116197365
qspiflash_qflexpress_divfive-p067,polynomial,0.9754798661580315
oc8051gm1edata,linear,0.9496329704368452
shift_register_top_w16_d8_e0,linear,0.907381930900747
gen14,linear,0.8862172396173957
bobsynthetic2,polynomial,0.929813341029006
zipcpu-busdelay-p43,linear,0.9957724180973172
6s218b2950,exponential,0.983759180568818
arbitrated_top_n4_w128_d16_e0,polynomial,0.8751542115168227
pdtpmsusbphy,linear,0.9963757836494362
oski15a01b75s,linear,0.9958043251500894
power2eq32768,linear,0.9603661070048453
intel063,linear,0.9292313550759868
shift_register_top_w32_d16_e0,exponential,0.9920712079814149
mentorbm1p01,linear,0.9980807154281464
qspiflash_dualflexpress_divthree-p094,linear,0.9371918715747604
oski15a01b22s,linear,0.9984539451473744
oc8051gm58addr,linear,0.9456345973889686
pj2016,linear,0.9235462200656469
6s275rb318,exponential,0.985435531009821
pj2002,linear,0.9949003354236364
dspfilters_fastfir_second-p25,polynomial,0.930670511556646
elevator,None,
139462p0,linear,0.9997784353092221
cal90,polynomial,0.9853211967749478
zipcpu-zipmmu-p39,linear,0.9518394715895399
cal84,polynomial,0.9715464616416708
pdtvisvending09,linear,0.99873359483109
eijks386,linear,0.9429429112727382
oski15a01b63s,linear,0.9794982438489263
prodcellp0neg,polynomial,0.9755556666394778
qspiflash_qflexpress_divfive-p104,linear,0.9427093315768921
6s385rb444,linear,0.9964115757835791
pdtvisgray0,linear,1.0
arbitrated_top_n5_w64_d16_e0,polynomial,0.8686374702759655
visarbiter,linear,0.9215225417590303
cal86,polynomial,0.9853896877231915
pdtpmsblackjack,polynomial,0.9710313916722254
oski15a01b43s,polynomial,0.9361664829975079
qspiflash_dualflexpress_divthree-p121,polynomial,0.9794775073211602
qspiflash_dualflexpress_divfive-p016,linear,0.9485767283354829
oski15a01b55s,linear,0.9819259156934186
shift1add512,polynomial,0.9922093103655477
6s202b00,exponential,0.7389918708122883
visprodcellp01,linear,0.9833799223364351
pdtvsarmultip30,linear,0.9984356960398069
beemtlphn4f1,polynomial,0.9777039038078705
beemelev2f1,linear,0.9760147882360681
intel061,linear,0.9209690733337405
6s309b046,polynomial,0.89758293894499
qspiflash_dualflexpress_divthree-p069,linear,0.9086739068754125
6s342rb131,exponential,0.9176407747828428
qspiflash_qflexpress_divfive-p064,linear,0.9298109989728356
bobsynth09neg,linear,0.9437786156668286
6s31,polynomial,0.9567769802571069
neclaftp4002,linear,0.9995726625905493
6s405rb611,linear,0.995063029289435
oski15a01b02s,exponential,0.9859644554016634
pdtvsar8multip16,linear,0.9983254386479701
shift1add262144,polynomial,0.9847422064659366
6s374b029,linear,0.9692187438675898
6s410rb043,linear,0.9442402627063559
msmie,None,
6s350rb46,exponential,0.9678275353105549
oski15a01b79s,linear,0.9992870417373505
arbitrated_top_n2_w8_d128_e0,exponential,0.9671565599218721
oski15a14b17s,linear,0.8500441173993958
circular_pointer_top_w64_d8_e0,linear,0.8709985363232872
oski2b3i,linear,0.9978666097772079
qspiflash_dualflexpress_divthree-p068,exponential,0.9825832708705071
qspiflash_dualflexpress_divthree-p054,linear,0.9350894661134309
eijks1423,exponential,0.9899972758976766
mentorbm1p02,polynomial,0.9181696024292006
bobsynthor,polynomial,0.9865273411316239
6s205b20,exponential,0.9699376388663122
oski15a10b03s,linear,0.81060183672648
vis_arrays_buf_bug,polynomial,0.9654363545793289
qspiflash_dualflexpress_divthree-p134,polynomial,0.9894454004433897
pj2015,polynomial,0.9086468742062936
eijks208o,polynomial,0.9851844963117775
139444p0,linear,0.9994514220411221
cal87,polynomial,0.9597523665230243
oski15a10b15s,polynomial,0.9409614843181321
6s404rb1,exponential,0.9922617179684806
6s329rb20,polynomial,0.986430953885062
eijks420,polynomial,0.9340620708483546
qspiflash_qflexpress_divfive-p139,polynomial,0.989610419464471
pdtvisvsa16a27,linear,0.9789182517649511
oski15a14b01s,linear,0.9971603955991855
buggy_ridecore,exponential,0.9991581314858967
6s159,linear,0.9211324634267674
power2eq65536,linear,0.9603661070048453
arbitrated_top_n2_w8_d64_e0,exponential,0.9929653318434525
vgasim_imgfifo-p089,linear,0.9226837695789734
6s310r,linear,0.9199616367863218
oski15a01b33s,linear,0.9962871656843031
qspiflash_dualflexpress_divfive-p058,linear,0.9333429026712233
mentorbm1and,exponential,0.9639237514973927
cal37,exponential,0.9378578859873397
qspiflash_dualflexpress_divthree-p153,polynomial,0.9863436624626858
pdtvistwoall3,linear,0.9989625877101341
oski15a01b25s,linear,0.9951708500307972
beemfwt3f3,linear,0.9945689870309538
mul7,linear,0.9689659484161195
bobtuint19neg,linear,0.9468495698304552
6s309b034,polynomial,0.927233206391027
picorv32_mutBY_nomem-p4,exponential,0.9999819156142545
intel007,linear,0.8810749811104157
6s43,polynomial,0.993193320478452
bobsynthand,linear,0.9973756100358521
6s350rb35,polynomial,0.5013609528327597
neclabakery001,polynomial,0.9870649296670068
oski15a01b09s,linear,0.9506065444303804
qspiflash_qflexpress_divfive-p017,linear,0.998695490167166
rast-p21,linear,0.9252590780299135
oc8051gmc5addr,linear,0.9667735116260849
intel012,exponential,0.9751707381776732
qspiflash_dualflexpress_divthree-p032,polynomial,0.9912815402582459
cal129,exponential,0.9998122584635335
oski15a08b13s,exponential,0.9221894766514258
pdtvishuffman1,linear,0.992278759365936
zipcpu-zipmmu-p48,exponential,0.9137888585178768
beempgsol5b1,linear,0.9944232877190433
oski15a08b05s,exponential,0.9579362657496726
bobsm5378d2,linear,0.97058812736603
139443p0,linear,0.999635197577585
bobtuintorneg,linear,0.9995415184652339
bob05,polynomial,0.9811442789475098
zipcpu-pfcache-p27,linear,0.9969099448966569
6s164,polynomial,0.9631823067138024
bj08amba2g1,linear,0.9959610196784803
eijks444,exponential,0.9906429223987361
oski3b0i,linear,0.9667429993203649
picorv32_mutAX_nomem-p5,linear,0.7972421548716642
bobunr2p10d40l,linear,0.9852382354135407
pdtvissoap2,linear,0.8845605555366315
cal34,polynomial,0.9826693097662336
6s216rb0,linear,0.9509395547033717
intel038,polynomial,0.9822764934360567
oski2b4i,linear,0.9516061618260369
intel004,linear,0.9108064317240708
picorv32_mutBY_nomem-p7,exponential,0.9506667022523839
oski15a01b29s,linear,0.9898170599097988
cal117,polynomial,0.945204364096038
bob2,linear,0.9337498142223253
circular_pointer_top_w32_d32_e0,polynomial,0.8657515081524764
qspiflash_qflexpress_divfive-p029,linear,0.8967511525223818
6s54,exponential,0.9853536883070415
beemskbn3f1,linear,0.9303964239659798
6s320rb1,exponential,0.999960023127059
zipcpu-busdelay-p30,polynomial,0.9871016767440521
6s320rb0,polynomial,0.9156662824739933
oc8051gm98addr,linear,0.9387357258880802
6s41,polynomial,0.9679211777983614
oski15a01b05s,linear,0.9967443794851185
pdtpmss1269b,linear,0.9991253913607239
qspiflash_dualflexpress_divfive-p112,linear,0.9061986731580071
picorv32_mutBY_nomem-p6,exponential,0.9999280355697882
bob3,exponential,0.9834140425778223
bjrb07amba5andenv,linear,0.8994197948200677
cal102,exponential,0.9939755630497309
intel039,polynomial,0.9856848360362834
krebs,None,
6s384rb024,linear,0.9933836587841555
oski15a08b09s,exponential,0.9080242743904011
cal35,linear,0.897200815856492
6s401rb051,exponential,0.9000128113654762
cal21,polynomial,0.9836979096764608
qspiflash_dualflexpress_divthree-p151,polynomial,0.9861280010440374
marlann_compute_cp_fail2-p0,linear,0.9987220786402018
oski15a01b44s,exponential,0.9861513800778037
neclatcas1a001,linear,0.997676799673499
circular_pointer_top_w32_d16_e0,polynomial,0.9051220408687334
zipcpu-pfcache-p24,linear,0.8530447134561404
oski15a01b13s,exponential,0.9584547819119318
6s173,polynomial,0.9830449338313019
bobtuttt,polynomial,0.8937261747094484
viselevatorp2,linear,0.9784231457257362
zipcpu-pfcache-p20,linear,0.9989889192749282
picorv32_mutBX_nomem-p5,exponential,0.8122876487816606
6s344rb054,linear,0.9972463779962301
6s374b114,polynomial,0.9932526065763153
ridecore,exponential,0.8617328884130279
6s380b129,linear,0.998012440216073
oski15a01b45s,exponential,0.9804723258653153
oski15a08b08s,linear,0.9556461432825832
vgasim_imgfifo-p064,linear,0.9667429718910884
qspiflash_dualflexpress_divthree-p141,linear,0.921672738666579
oski15a01b53s,exponential,0.9469317872084113
6s380b511,linear,0.9276068817975578
intel001,linear,0.9927785188437992
cal106,exponential,0.9992090371444574
cal112,exponential,0.9856759115412413
qspiflash_dualflexpress_divfive-p116,polynomial,0.9889225962483587
texasparsesysp2,linear,0.9996166399934637
oski15a01b04s,linear,0.996793259122077
miim,polynomial,0.9732588078067351
6s355rb11080,linear,0.9993374291322441
qspiflash_qflexpress_divfive-p038,linear,0.940148227296717
kenflashp09,linear,0.999330555829844
pdtpmsrotate32,linear,0.9858593239333919
kenflashp08,linear,0.9962476702885817
bj08amba2g3f3,linear,0.9217082206837869
bobsmi2c,exponential,0.9094193666169644
oski15a14b11s,linear,0.9607807446148178
picorv32_mutAY_nomem-p6,exponential,0.9999793928900258
bc57sensorsp1neg,exponential,0.995550315673534
texasparsesysp3,polynomial,0.9799703019681967
oski2b5i,linear,0.9814485271780201
picorv32-check-p12,linear,0.9483444415285538
pdtswvtms12x8p1,linear,0.9148631948641931
bob9234specand,linear,0.9975775399355614
vgasim_imgfifo-p105,polynomial,0.9391154217272566
qspiflash_dualflexpress_divthree-p034,polynomial,0.9930886891929913
picorv32_mutBY_nomem-p3,exponential,0.9338377455119666
cal107,exponential,0.9993999936049957
oski15a10b05s,polynomial,0.9938671170240485
ndista128,linear,0.9421984709002964
neclaftp2002,linear,0.9349261912435257
oski15a10b13s,linear,0.9996749413783448
oski15a01b69s,linear,0.9996620888802983
viselevatorp3,linear,0.989131729412516
bjrb07amba10andenv,polynomial,0.9891691548294009
oski15a14b07s,linear,0.996457036129493
viselevatorp1,linear,0.9972383578643123
power2sum32,polynomial,0.9415408213925422
beemndhm4b3,polynomial,0.9635651495436368
beemptrsn1b1,linear,0.9724417678273233
pdtpmsarbiter,linear,0.9671557000392741
oski15a14b27s,linear,0.9952282085191059
oski2ub0i,linear,0.7572425639282867
oski15a01b49s,linear,0.8952479014324191
6s209b0,linear,0.9979063009947956
oski15a14b31s,linear,0.9969504971394768
boblivea,linear,0.8938638942349104
picorv32_mutBY_nomem-p1,exponential,0.9991120936347766
bobtuint17neg,linear,0.9154125290613867
shift_register_top_w16_d32_e0,exponential,0.9845644447777545
picorv32_mutAY_nomem-p4,linear,0.9014943177323356
rast-p19,linear,0.9646969526718059
bobtuint09neg,linear,0.9074479341552089
zipcpu-busdelay-p36,polynomial,0.9898170392684703
6s284rb1,polynomial,0.9888960924708121
rast-p18,linear,0.9776235872882321
6s403rb1342,linear,0.9595139220796987
bobtuint21neg,linear,0.9266716924818107
oski15a01b73s,linear,0.9960601900457043
picorv32-check-p05,linear,0.9575599080945109
qspiflash_dualflexpress_divfive-p128,linear,0.9507307517712137
intel003,linear,0.9473663145079878
arbitrated_top_n2_w128_d32_e0,exponential,0.9717633765656403
oski15a10b09s,linear,0.8983936457528316
intel017,polynomial,0.9894623901164873
139463p0,linear,0.9871884927828813
oski15a01b24s,linear,0.9976424483426385
vgasim_imgfifo-p066,linear,0.985332100650883
qspiflash_dualflexpress_divfive-p074,exponential,0.9869551292742296
qspiflash_dualflexpress_divthree-p143,linear,0.9984061861619965
cal33,polynomial,0.9737586818865032
vgasim_imgfifo-p099,linear,0.9437182229087221
139443p5,linear,0.9791069372840241
shift_register_top_w16_d16_e0,exponential,0.9971331741301629
arbitrated_top_n5_w128_d8_e0,linear,0.987261417733829
power2sum128,linear,0.927378987545178
picorv32_mutAX_nomem-p2,exponential,0.9990305217887477
neclaftp2001,linear,0.9476214232672157
oc8051gm7daddr,linear,0.9572873668582489
beemelev1f1,polynomial,0.960543735518279
oski15a01b65s,linear,0.9967704186294418
6s149,polynomial,0.9761367034273672
zipcpu-pfcache-p22,linear,0.9634443492799772
