instance_name,leading_term,original_equation,type_of_equation,llm_upper_bound,llm_complexity
oc8051gm0caddr,9.50892325002282e-5*x0,x0*303.88992 - 303.88983*(x0 - 1*(-0.25168285)),linear,9.50892325002282e - 5 * x0,O(x0)
csmacdp2,0.000100000000088585*x0,x0*(-649.62006) - (-650.6202*x0 + x0),linear,0.000100000000088585 * x0,O(x0)
139452p0,3.4080134e-7*x0,x0*(0.006312001 + x0*(-1.9675845e-7)) - 1*0.17965728,linear,3.4080134e - 7 * x0,O(x0)
zipcpu-pfcache-p13,1.2862606e-7*x0**1.0716133,x0**1.0575013*1.6486827e-7,polynomial,x0^2,O(x0^2)
bobsmdct,1.6483204e-5*x0,x0*1.6483233e-5,linear,1.6483204e,O(x0)
beemfwt2b2,6.26955683506886e-12*x0**1.7737339,(x0*exp(x0*(-2.7005116e-14)) - x0 - x0 - x0 + x0 + x0)*(-4.954587),polynomial,1.112663009968498e-11,O(x0^K)
qspiflash_dualflexpress_divfive-p092,3.517293e-10*x0**1.7653747,(x0*7.638569e-6)**1.5427924,unknown,x0^1.7653747,O(x0^1.7653747)
qspiflash_dualflexpress_divfive-p079,1.6353111e-9*x0**1.6757171,7.2498274e-10*x0**1.7285898,unknown,O(x0^2),O(x0^2)
bobtuint12neg,1.5473603e-5*x0,x0*1.5473603e-5,linear,1.5473603e - 5 * x0,O(x0)
picorv32_mutCY_nomem-p3,2.1388779*x0**0.3824715,2.1388779*x0**0.3824715,linear,2.1388779 * x,O(x)
texaspimainp05,0.000110000000006494*x0,x0*(-284.80676) + x0*94.86269 + x0*189.94417,NA,NA,NA
6s326rb08,7.1150924920734e-8*x0**1.0745515,x0*exp(x0**(-0.06597723))*(-x0 + x0*(-3.9094647e-7) + x0 - 1*0.0048638126)*(-1.6444234),unknown,7.1150924920734e-8 * x0 ** 1.0745515,O(x0^1.0745515)
oski15a14b32s,6.74999999991654e-7*x0,6.74999999991654e-7*x0,linear,6.74999999991654e - 7 * x0,O(x0)
picorv32-check-p20,1.03189337404739*exp(0.031395342*x0**0.3108033),(x0**1.5126312*8.2217516e-10 + exp(-x0 + x0 + 0.7703285))**1.290274,NA,NA,NA
qspiflash_dualflexpress_divthree-p012,5.540138e-34*(x0 + 8.952794e-33*x0**6.166207 - 13692.633)**6.166207,exp(exp(x0**0.2206266*0.24657159 + x0 - (x0 + 0.0884951) - 2.8244548)*0.92123383) - 5.9587855,NA,NA,NA
visemodel,3.1835842e-7*x0,x0*3.1835714e-7,NA,NA,NA
qspiflash_dualflexpress_divthree-p006,1.6669435e-9*x0**1.6486746,x0**1.6486746*1.6669435e-9,NA,NA,NA
pdtpmsretherrtf,1.66648156727644e-6*exp(x0**0.24742827),x0**4.8097963*4.1819684e-23,NA,NA,NA
intel026,0.000430756820048148*2.4696803**(x0**0.17110884),0.000430756820048148*2.4696803**(x0**0.17110884),exponential,0.000430756820048148 * 2.4696803 ** (x0 ** 0.17110884),O(2.4696803^(x0^0.17110884))
rast-p01,8.4000000000195e-7*x0,x0*(-0.5131182) + x0*0.51311904 + 0.20737863,NA,NA,NA
vcegar_arrays_itc99_b12_p2,8.064079e-11*x0**2,x0*8.064079e-11*x0,NA,NA,NA
oc8051gmcadata,x0**0.25921398,x0**0.25921398,linear,x,O(x)
kenflashp13,3.2145638e-7*x0,3.2145638e-7*x0,linear,x0**2,O(x0**2)
kenflashp07,3.420659e-7*x0,3.420659e-7*x0,linear,3.420659e - 7 * x0,O(x0)
oski15a01b70s,0.007531473*exp(x0),0.007531473*exp(x0),exponential,0.007531473,O(exp(x0))
qspiflash_qflexpress_divfive-p036,8.849977e-12*x0**2,x0*8.849977e-12*x0,NA,NA,NA
qspiflash_dualflexpress_divthree-p007,8.0607438145679e-9*exp(-0.5383483**(5.4317091062094e-9*exp(x0**0.22833568)) + (x0 + x0)**0.22763273),exp(x0**0.23807901 - 18.224726),NA,NA,NA
bobtuint24,3.519096e-8*x0**1.0931877,3.519096e-8*x0**1.0931877,polynomial,3.519096e,O(x0^2)
eijkbs1512,0.00023930849*x0,0.00023930849*x0,linear,0.00023930849 * x0,O(x0)
picorv32-check-p09,2.3777266e-10*x0**1.647825,x0**1.647825*2.3777266e-10,NA,NA,NA
oski15a01b27s,1.9984807e-7*x0**1.0342518,1.9984807e-7*x0**1.0342518,polynomial,1.9984807e - 7 * x0 ** 1.0342518,O(x0^1.0342518)
qspiflash_dualflexpress_divfive-p050,4.1363357e-9*x0**1.6089113,x0**1.7044934*9.34173e-10,NA,NA,NA
6s207rb28,1.3857498*x0**2,1.3857498*x0**2,polynomial,x0^2,O(x0^2)
oski15a01b31s,3.8028449409941e-7*x0,3.8028449409941e-7*x0,linear,x0,O(x0)
beemlann2f1,0.0006178639*x0,(x0 + exp((-0.26849267**x0)*exp(-0.79444313**x0)*exp(x0 + 3.4976) + x0*0.27444836 + 2.8618934) + 3.7742682)*0.0006178639,NA,NA,NA
oski15a14b08s,2.2618088711944e-5*x0,2.2618088711944e-5*x0,linear,2.2618088711944e-5 * x,O(x)
h_TreeArb,5.3202402e-8*x0**1.6525662,exp(x0**0.1691695 - x0 + x0 - 4.2742047),polynomial,x0^2,O(x0^2)
pdtvisns3p02,1.8896999*x0**2,x0*(x0*1.8896999 - 22.2344) - x0 - x0 + x0 + x0 + (-x0 + x0)*exp(x0*(-17.390429)) + 1.9855292 + 18.369175,NA,NA,NA
6s204b19,3.07427133626198e-7*x0,(x0 - (-3.1130194e-6*x0 + x0))*0.09875529 - 1*0.28673956,linear,3.07427133626198e,O(x0)
oski15a01b11s,3.42261905380809e-7*x0,3.42261905380809e-7*x0,linear,3.42261905380809e - 7 * x0,O(x0)
mentorbm1or,3.66979429700708e-7*x0,3.66979429700708e-7*x0,linear,3.66979429700708e - 7 * x0,O(x0)
beemcycschd3b1,1.3865241e-5*x0,x0*1.3865241e-5,linear,1.3865241e - 5 * x0,O(x0)
6s221rb14,2.86999999999857e-7*x0,x0**(-0.0810232) - 0.025779286*x0 + x0*0.025779573 - 1*0.6764157 - 0.60096526 + 0.9442936,linear,2.86999999999857e - 7 * x0,O(x0)
6s515rb1,3.7218724e-5*x0,x0*3.72188e-5,linear,3.7218724e - 5 * x0,O(x0)
texaspimainp12,5.481852e-5*x0,x0*5.4817956e-5 - 1*77.88367,NA,NA,NA
picorv32_mutCY_nomem-p0,4.14595216856565e-5*x0,x0*(exp(-x0 + x0 - 0.07705952)*0.06724818)**((x0 - (x0 - 1.3353046) + 3.0438378)*0.8299469) - 1*3.7925622 - 1.6854776,NA,NA,NA
6s277rb292,1.0167314e-6*x0**0.9438512,8.8406364e-7*x0**0.9515407,linear,1.0167314e,O(x0)
oc8051gmb8addr,0.000100000000031741*x0,0.000100000000031741*x0,linear,0.000100000000031741 * x0,O(x0)
qspiflash_dualflexpress_divthree-p005,-0.00090369704*x0,x0*(x0**0.4640612*2.1833962e-6 - 1*0.00090369704),NA,NA,NA
qspiflash_dualflexpress_divfive-p126,7.6555185e-13*x0**2.1967316,1.0481735**(x0**0.314761),NA,NA,NA
intel031,3.5920725e-10*x0**1.4890373,3.5920725e-10*x0**1.4890373,unknown,x^2,O(x^2)
eijks713,5.6614087e-9*x0**1.7034744,5.6614087e-9*x0**1.7034744,polynomial,9.645e-9 * x0^K,O(x0^K)
oski15a01b07s,5.20000000003851e-7*x0,5.20000000003851e-7*x0,linear,5.20000000003851e - 7 * x0,O(x0)
dme6p1,4.6309003e-7*x0,4.6309003e-7*x0,linear,4.6309003e - 7 * x0,O(x0)
pdtvisrethersqo0,3.4189992e-7*x0,3.4189992e-7*x0,linear,3.4189992e - 7 * x0,O(x0)
kenflashp11,2.7831451e-5*x0,x0*2.7831451e-5,linear,2.7831451e-5 * x0,O(x0)
eijks510,-x0**0.47948915,-x0**0.47948915,polynomial,0,O(1)
kenflashp04,1.140949e-6*x0**0.9243302,1.140949e-6*x0**0.9243302,unknown,x0,O(x0)
kenflashp10,3.3694278e-7*x0,x0*3.369426e-7,linear,3.3694278e - 7 * x0,O(x0)
pdtvisminmax0,5.192263e-7*x0,5.192263e-7*x0,linear,x0**2,O(x0**2)
oski15a07b5s,9.37520439947548e-7*x0,9.37520439947548e-7*x0,linear,9.37520439947548e - 7 * x0,O(x)
139444p22,2.44245129944605e-6*x0,x0*((-x0 + x0 + 0.26055762)*1.580576e-6 + 2.3911587e-6),linear,2.44245129944605e-6 * x0,O(x0)
bobmiterbm1and,3.2255417e-7*x0,x0*3.2255073e-7,linear,3.2255417e - 7 * x0,O(x0)
rast-p03,exp(0.9917563**(-0.45406613*x0**0.32618887487856)),-x0 + x0 + exp(1.0545373**((x0**0.16932018 - 7.725996)**1.2457141)) + 1.0545373 + 3.1196358,NA,NA,NA
oski15a14b12s,2.00000000063483e-5*x0,2.00000000063483e-5*x0,linear,x0,O(x0)
qspiflash_dualflexpress_divfive-p133,1.1243975e-11*x0**2,1.1243975e-11*x0**2,polynomial,1.1243975e-11 * x0^2,O(x0^2)
qspiflash_dualflexpress_divthree-p010,0.0530929727190263*exp(1.3887655**(0.1052631*x0**0.30802464)),(1.05393**(1.1218629**((1.4461094*x0)**0.24861167 - 1*(-0.622705))) - 0.778714)**3.0729835,NA,NA,NA
intel024,-0.000154841662764346*x0**2*exp(x0**(-1.0038564)),-0.000154841662764346*x0**2*exp(x0**(-1.0038564)),polynomial,-0.0002839999999999999,O(1)
cal123,0.260000000000000,0.260000000000000,NA,NA,NA
qspiflash_dualflexpress_divfive-p127,3.22867702959684e-5*exp(0.29319575*x0**0.27507716),exp(1.9863989 - (-1.8091622e-6)*x0),NA,NA,NA
6s0,0.026651703*0.904507**x0*x0*(x0 - 0.73681104)**1.2212989,0.026651703*0.904507**x0*x0*(x0 - 0.73681104)**1.2212989,polynomial,0.029448000000000003,O(x0^3)
picorv32-check-p22,1.8876747e-12*x0**1.964991,-10.562351*(x0 - (-x0 + x0 + x0 + 1.2267283) + 3.7047727) + exp(1.169662**(x0**0.14753903) - 1*0.40593544),NA,NA,NA
beemprdcell2f1,1.8692784485231*exp(4.72233312707367e-8*4.848139**(0.942993*x0**0.20099773)),exp(exp((x0 + x0)**(-x0 + x0 + 0.23425604) - 18.52381)**0.599686)*0.6880487 - 1.242824,exponential,1.8692784485231,O(exp(4.848139
qspiflash_dualflexpress_divthree-p164,1.1558262**(x0**0.23960386),1.1613108**(x0**0.23759934),NA,NA,NA
nusmvsyncarb5p2,3.922916e-7*x0,3.922916e-7*x0,linear,3.922916e - 7 * x,O(x)
qspiflash_dualflexpress_divthree-p158,1.8306555e-6*x0,x0*1.830805e-6,NA,NA,NA
vgasim_imgfifo-p082,7.4566947e-6*x0,x0*7.4566947e-6,NA,NA,NA
oc8051gm68addr,6.00000000758882e-5*x0,6.00000000758882e-5*x0,linear,x0,O(x0)
oski15a14b05s,0.723693774115327*exp((3.69635339854686e-6*x0 + 33.6228333622915)**0.4011256),0.723693774115327*exp((3.69635339854686e-6*x0 + 33.6228333622915)**0.4011256),exponential,0.723693774115327 * exp((3.69635339854686e-6 * x0 + 33.6228333622915) ^ 0.4011256),O(exp(x0^0.4011256))
zipcpu-pfcache-p01,3.017615e-14*x0**2,x0*1.2380649e-6,NA,NA,NA
beembrptwo6b1,3.1679824331793e-10*exp(0.7403839*x0**(-x0 + x0 + 0.2566231)),exp(0.2010979 - (x0 + (x0 + x0)*(-1.4786864e-6) - (x0 - exp(x0*(-1.394759e-6)) - exp(0.9999986 + x0*(-1.394759e-6))))),exponential,exp(0.18999999999999998,O(exp(0.18999999999999998
oski3b3i,4.60000000007676e-7*x0,x0*(-0.07678563) + x0*0.07678609 - 0.35765487,NA,NA,NA
abp4p2ff,2.9923413e-5*x0,x0*0.059059862,linear,2.9923413e - 5 * x0,O(x0)
oski15a10b11s,1.13425406776093*exp(1.34044919252015*exp(-exp(6.7099585e-8*x0)))*exp(0.9987014*exp(exp(6.7099585e-8*x0))),1.13425406776093*exp(1.34044919252015*exp(-exp(6.7099585e-8*x0)))*exp(0.9987014*exp(exp(6.7099585e-8*x0))),exponential,1.13425406776093 * exp(0.9987014 * exp(exp(6.7099585e - 8 * x0))),O(exp(exp(exp(x0))))
6s428rb098,0.0400000000000000,0.0400000000000000,NA,NA,NA
6s202b41,0.44625208**(4.940577e-7*x0),0.44625208**(4.940577e-7*x0) - 0.069865264*x0 + x0*0.069865376 + x0**1.0733178*5.4096596e-8 - 1*0.36207393,exponential,1,O(1)
oski15a10b07s,1.1199208**(0.794345042331044*exp(x0**0.082978524)),1.1199208**(0.794345042331044*exp(x0**0.082978524)),exponential,1.1199208,**
6s325rb072,3.2063385e-10*x0**1.7162415,5.152625e-10*x0**1.6880248,polynomial,x0^2,O(x0^2)
oc8051gma6data,6.00000000190448e-5*x0,6.00000000190448e-5*x0,linear,6.00000000190448e - 5 * x,O(x)
intel020,3.08820296794583e-6*exp(x0**0.19581407),3.08820296794583e-6*exp(x0**0.19581407),exponential,3.08820296794583e-6,O(exp(K^0.19581407))
6s4,4.8063504e-7*x0,x0*4.8063504e-7,linear,4.8063504e - 7 * x0,O(x0)
139454p0,3.501252e-7*x0,x0*3.5012914e-7,linear,\,O(x0)
bj08aut82,2.8290975e-7*x0,x0*2.8290975e-7,linear,2.8290975e - 7 * x0,O(x0)
oski15a14b13s,(-x0 + x0 + 1.533264)**8.864345,(-x0 + x0 + 1.533264)**8.864345,polynomial,44.156,O(1)
zipcpu-busdelay-p15,5.6491003e-6*x0,x0*5.6489744e-6,NA,NA,NA
zipcpu-busdelay-p00,0.000806856277782904*exp(x0**0.18896267),exp(x0**0.18896267 - x0 + x0 - 7.122365),NA,NA,NA
pdtvisblackjack2,2.8707842e-7*x0,2.8707842e-7*x0,linear,x0**2,O(x0**2)
arbitrated_top_n3_w16_d32_e0,3.3914278915206e-7*x0,x0*(exp((3.8018737 - (x0 - 18.235123))*(1.9147682 - (x0 - 18.235123))*(-0.017875755)) + 0.00943029) + exp((13.925848 - (x0 - 18.22514))*(x0 - 1*26.026186)),linear,3.3914278915206e - 7 * x0,O(x0)
kenflashp01,2.3390528e-5*x0,2.3390528e-5*x0,linear,2.3390528e-5 * x0,O(x0)
power2eq2048,4.6358178e-7*x0**0.96439654,x0**0.9674006*4.439674e-7,NA,NA,NA
eijks298,2.9540708e-9*x0**1.7732075,2.199871e-9*x0**1.7925342,polynomial,2.9540708e-9,O(x0^2)
srg5ptimo,4.5508386e-7*x0,x0*4.5508492e-7,NA,NA,NA
rast-p06,8.77000000176764e-7*x0,-x0 - 0.20236447*x0 + x0*0.20236532 + x0 + 2.207934,NA,NA,NA
intel009,1.43047648196779e-6*x0,1.43047648196779e-6*x0,linear,x0,O(x0)
6s362rb1,-4.5786402e-7*x0**2,-4.5786402e-7*x0**2,polynomial,0,O(1)
intel035,15.495422**(x0**((x0**((x0**0.99148065)**(-1.039565)))**(-0.41898927*x0))),15.495422**(x0**((x0**((x0**0.99148065)**(-1.039565)))**(-0.41898927*x0))),exponential,15.495422 ^ (x0 ^ (0.4317498031599999 * x0)),O(15.495422 ^ (x0 ^ (0.4317498031599999 * x0)))
qspiflash_dualflexpress_divfive-p136,1.5140675e-11*x0**1.9814947,1.5140675e-11*x0**1.9814947,unknown,1.5140675e - 11 * x0**2,O(x0^2)
oski15a01b51s,15.633*x0,15.633*x0,linear,x0,O(x0)
qspiflash_dualflexpress_divthree-p161,0.119425643420812*1.7619233**(0.18151249*x0**0.30201757),1.7619233**(x0**0.30201757*0.18151249 - x0 + x0 + x0 - (x0 + 0.2829513) - 3.4688828) - 34.907444,NA,NA,NA
oski15a14b29s,4.39930020012651e-7*x0,4.39930020012651e-7*x0,linear,4.39930020012651e - 7 * x0,O(x0)
ndista262144,2.6095066e-7*x0,2.6095066e-7*x0,linear,2.6095066e,**
vgasim_imgfifo-p093,2.2258307e-6*x0,x0*2.225831e-6,NA,NA,NA
oc8051gm2daddr,exp(exp(0.15717554*x0**0.15572321)),exp(exp(0.15717554*x0**0.15572321)),exponential,exp(exp(0.15717554 * x0^(0.15572321))),O(exp(exp(x0^(0.15572321))))
oski15a01b47s,4.9496894e-8*x0**1.12607,4.9496894e-8*x0**1.12607,polynomial,x^K,O(x^K)
pdtswvtma6x4p1,1.2158196e-6*x0,1.2158196e-6*x0,linear,1.2158196e - 6 * x0,O(x0)
6s194,4.34154940489908e-11*x0**1.9419801,(x0**0.2590446*(x0*5.9922363e-6 - 14.098426))**((x0 - (x0 - 1*0.92888147))**x0)*(-x0 + x0 + 0.8456915),polynomial,4.34154940489908e - 11 * K^2,O(K^2)
pdtpmscoherence,1.3566465*x0,((x0 - 1*14.494086)*0.018746495*x0**1.1937128 + 1.3566465)*(x0 + exp(x0 - (x0*0.6182442)**1.1937133)*0.018746126 - 1*2.3675091) - 1*(-1.436332),NA,NA,NA
zipcpu-pfcache-p28,3.4786573789157e-8*x0,6.7368964e-9*x0*(x0**0.22529767 - x0 + x0) - 1*(-1.8452824),NA,NA,NA
oski15a01b10s,6.74249594015265e-16*x0**2,6.74249594015265e-16*x0**2,polynomial,6.74249594015265e,**
zipcpu-pfcache-p02,-1.27179987539007*x0**0.052572947,x0*x0*5.7907665e-14,NA,NA,NA
pcip1,4.5395095e-7*x0,(x0 + exp(-x0 + x0*5.001476e-7 + x0 + 0.68803))*4.5395095e-7,NA,NA,NA
oski15a01b67s,(5.2099505e-8*x0*exp(x0**0.029542137) + 1.00000000002876e-7*x0)**1.0023761,(5.2099505e-8*x0*exp(x0**0.029542137) + 1.00000000002876e-7*x0)**1.0023761,exponential,5.000000000000000e-8 * x0^1.0023761 * exp(0.029612000000000002 * x0^0.029542137),O(x0^1.0023761 * exp(0.029612000000000002 * x0^0.029542137))
vis_arrays_am2901,3.5460012e-5*x0,x0*3.5460012e-5,NA,NA,NA
oski15a14b09s,3.7393968e-7*x0,3.7393968e-7*x0,linear,3.7393968e - 7 * x0,O(x0)
qspiflash_dualflexpress_divfive-p097,6.2482037e-9*x0**1.5986648,x0**1.5986648*6.2482037e-9,NA,NA,NA
pdtvisminmaxr1,6.272426e-7*x0,6.272426e-7*x0,linear,x0,O(x0)
arbitrated_top_n4_w16_d16_e0,3.973837e-7*x0,x0*3.973895e-7,linear,3.973837e - 7 * x,O(x)
qspiflash_dualflexpress_divfive-p054,0.00452077427513276*exp(x0**0.1572954),exp((x0*(-0.9999997) + x0 + 2.3806543)*1.4025663),NA,NA,NA
oc8051gm12data,0.000109640830015325*x0,0.000109640830015325*x0,linear,0.000109640830015325 * x0,O(x0)
intel037,3.38932374735479e-7*x0,3.38932374735479e-7*x0,linear,x0,O(x0)
intel023,2.1318397e-6*exp(x0**0.19691321),2.1318397e-6*exp(x0**0.19691321),exponential,2.1318397e-6 * exp(x0^0.19691321),O(exp(x0^0.19691321))
qspiflash_dualflexpress_divfive-p120,1.4829131e-5*x0,x0*1.4829004e-5,NA,NA,NA
picorv32-check-p19,1.0990093e-5*x0,x0*1.0990093e-5,NA,NA,NA
6s7,0.00045019574*x0,396.04205**((0.18414113**x0)**(exp(x0*(-1.1609677))**0.115025)) + x0,linear,0.00045019574 * x0,O(x0)
cal118,0.0800000000000000,0.0800000000000000,polynomial,0.08,O(1)
oski15a01b71s,(1.4135749e-7*(x0 + 1.50592759419781*exp(1.4157717e-7*x0))**1.056406 - 0.40940905)**0.99461555,(1.4135749e-7*(x0 + 1.50592759419781*exp(1.4157717e-7*x0))**1.056406 - 0.40940905)**0.99461555,exponential,1.08e-7,O(exp(1.4875e-7
rast-p04,7.84049841939805e-7*x0,exp((-x0 - 3.9907925e-5*x0 - (-4.0737912e-5)*x0 + x0)**0.34017584),NA,NA,NA
eijkbs4863,4.59605694373151e-17*x0**3,4.59605694373151e-17*x0**3,polynomial,4.59605694373151e,**
power2sum256,3.448332e-7*x0,x0*3.44814e-7,NA,NA,NA
kenflashp03,1.5152439e-7*x0**1.0473722,1.5152439e-7*x0**1.0473722,unknown,x^2,O(x^2)
6s206rb025,5.49423307171133e-17*x0**2,(-0.0044106958*x0*(-x0 + x0*(-4.3455376e-8) + x0) + x0)*2.8665298e-7 - 0.32276088,polynomial,5.49423307171133e,O(x0^2)
pdtvisblackjack1,2.9087732e-7*x0,2.9087732e-7*x0,linear,x0**2,O(x0**2)
bobtuint26neg,1.5756575e-6*x0,1.5756575e-6*x0,linear,1.5756575e - 6 * x0,O(x0)
6s400rb07819,2.65000000013171e-7*x0,-0.044262905*x0 + x0*0.0538643 + x0*0.06558717 + (1.6973373 - x0)*0.0751883 - 1*1.7685599 + 1.5559857,linear,2.65000000013171e - 7 * x0,O(x0)
beemextnc3f1,4.12769280941296e-9*1.0204836**((x0 + x0)**0.4929634),exp(x0**0.26822752 - x0 + x0 + exp(0.3700817 - exp(x0**0.26822752 - 35.263092)) - 34.28104),exponential,4.12769280941296e-9 * 1.0204836 ** ((2 * x) ** 0.4929634),O(1.0204836 ** ((2 * x) ** 0.4929634))
marlann_compute_cp_pass-p2,4.086181e-7*x0,4.086181e-7*x0,linear,4.086181e - 7 * x0,O(x0)
rast-p11,0.410978959182308*exp(0.021213977*x0**0.2941835),exp(x0**0.2941835*0.021213977 - 0.88921326),NA,NA,NA
6s351rb15,0.0194631761744568*exp(5.034427e-7*x0),(x0**4.1105113*1.0792674e-29)**2.5591044,exponential,0.0194631761744568 * exp(5.034427e - 7 * x0),O(exp(5.034427e - 7 * x0))
qspiflash_dualflexpress_divfive-p135,9.241794e-8*x0**1.4349096,9.241794e-8*x0**1.4349096,unknown,9.241794e-8,**
intel036,1.82437035941161e-7*x0,1.82437035941161e-7*x0,linear,1.82437035941161e - 7 * x0,O(x0)
texaspimainp01,5.98092e-8*x0**1.4364777,1.1524175e-7*x0**1.3969324,NA,NA,NA
arbitrated_top_n4_w16_d32_e0,-3.39486857401138e-5*x0*(exp(-2.2075705e-5*x0)**1.7909486)**0.00590148,(41.153942 + x0*(-2.2075705e-5))*((exp(40.71931 + x0*(-2.2075705e-5))**1.7909486)**(x0 - (x0 - 0.06495545) - 0.05905397) - 1.0162255),exponential,0,O(1)
vgasim_imgfifo-p047,6.7317336e-7*x0**0.95800555,x0**0.95800555*6.7317336e-7,NA,NA,NA
6s372rb26,1.2365528e-7*x0**1.0561159,x0**1.0561159*1.2365528e-7,unknown,x0^2,O(x0^2)
neclaftp5001,2.5297618e-7*x0,2.5297618e-7*x0,linear,2.5297618e - 7 * x0,O(x0)
oski15a14b25s,1.000000000001e-6*x0,1.000000000001e-6*x0,linear,1.000000000001e - 6 * x0,O(x0)
oski1rub03i,3.79793951010843e-7*x0,3.79793951010843e-7*x0,linear,3.79793951010843e - 7 * x0,O(x0)
picorv32_mutCX_nomem-p0,7.36317044830588e-6*x0,(-(-4.1240186e-5)*x0 + exp(7.170451**(x0 - (x0 + 0.09980467) - 1*(-0.15627047) + 0.68806857)))*0.17854358 - 17.915554,NA,NA,NA
bob9234spec5neg,1.2092044e-5*x0,x0*1.2091482e-5,linear,1.2092044e-5 * x0,O(x0)
bobcount,8.518082e-10*x0**2,8.518082e-10*x0*x0,polynomial,8.518082e - 10 * x0^2,O(x0^2)
neclaftp1002,4.79999999997149e-7*x0,4.79999999997149e-7*x0,linear,4.79999999997149e - 7 * x,O(x)
pdtpmsam2901,1.47632346330278e-6*x0**1.4838974,(x0**0.3418904 - (-3312.1274*x0 + x0*3312.1282))*(-1.3646898),NA,NA,NA
oski15a01b17s,2.87393096060713e-7*x0,2.87393096060713e-7*x0,linear,2.87393096060713e - 7 * x0,O(x0)
prodcellp4,0.00012716996649266*x0**0.3955075,x0*(3.9349257e-7 - (-1)*1.888418e-8*(x0 - (x0*(-4.0389473e-8) + x0))),NA,NA,NA
pdtvisvending07,0.50310720519063*exp(1.1442872**(x0**0.18493947)),exp(x0**0.18172628 - x0 + x0 - 7.3782153),NA,NA,NA
power2bit8,2.8193404e-7*x0,x0*2.819322e-7,NA,NA,NA
eijks820,3.7945116e-10*x0**2,3.7945116e-10*x0**2,polynomial,x0^2,O(x0^2)
bob12s03,4.176374e-12*x0**2,1.0505372**(x0**0.29814845 - x0 + x0),polynomial,4.176374e,O(x0^2)
pj2018,1.0278599**(x0**0.3050826),1.0278599**(x0**0.3050826),NA,NA,NA
qspiflash_dualflexpress_divthree-p111,1.7329803e-11*x0**2,x0*x0*1.7329803e-11,NA,NA,NA
pdtswvtms14x8p1,3.978753e-11*x0**2,3.978753e-11*x0**2,polynomial,3.978753e - 11 * x0^2,O(x0^2)
oski15a01b56s,3.53289626631517e-7*x0,3.53289626631517e-7*x0,linear,3.53289626631517e - 7 * x0,O(x0)
intel045,3.79999999994274e-7*x0,3.79999999994274e-7*x0,linear,3.79999999994274e - 7 * x0,O(x0)
6s355rb08740,2.8608522e-7*x0,x0*2.8608522e-7,linear,2.8608522e - 7 * x0,O(x0)
nusmvguidancep1,7.16820052965275e-7*exp(x0**0.17796126),7.16820052965275e-7*exp(x0**0.17796126),exponential,7.16820052965275e-7 * exp(x0 * 0.17796126),O(exp(0.17796126 * x0))
vis_arrays_am2910_p2,3.4687256e-14*x0**2.4249012,1.0100261**(x0**0.41719204),NA,NA,NA
zipversa_composecrc_prf-p00,3.2454787e-7*x0,x0*3.2455225e-7,NA,NA,NA
counterp0,1.0000015**x0,1.0000015**x0,polynomial,1.0000015 * x^K,O(x^K)
6s288r,1.2129874e-7*x0**1.0540123,x0**1.0555651*1.1792777e-7,polynomial,1.2129874e-7,O(x0^2)
beemlup1b1,3.4562362e-7*x0,x0*(0.0025495691 - (-1.1709019e-8)*exp(x0*0.0027096474)),linear,3.4562362e,O(x0)
oc8051gm36addr,0.000108489775376733*x0,0.000108489775376733*x0,linear,0.000108489775376733 * x0,O(x0)
oski15a07b3s,1.46866676059514*1.1208144**(0.779282265254405*1.2602937**(x0**0.16035086)),1.46866676059514*1.1208144**(0.779282265254405*1.2602937**(x0**0.16035086)),exponential,1.46866676059514,**
oski15a14b14s,6.485009e-7*x0**0.9619509,6.485009e-7*x0**0.9619509,linear,x0,O(x0)
zipversa_composecrc_prf-p15,1.25273790008151e-7*x0**2,(x0 + exp((x0 - (x0*(-1.5924289e-7) + x0) + 0.6877574)**1.0539553)*(-2.0223064))*4.8077123e-7 - 0.24226451,polynomial,1.25273790008151e - 7 * x0^2,O(x0^2)
vis_arrays_am2910_p3,exp(0.03229581*x0**0.31526276),exp(x0**0.31526276*0.03229581),NA,NA,NA
cal143,0.410000000000000,0.410000000000000,polynomial,0.41,O(1)
intel044,3.61092e-7*x0,x0*3.610905e-7,linear,x0,O(x0)
nusmvreactorp1,3.1589852e-7*x0,3.1589852e-7*x0,linear,3.1589852e - 7 * x0,O(x0)
brpp1,2.6556421e-5*x0,2.6556421e-5*x0,linear,2.6556421e - 5 * x0,O(x0)
pdtvsarmultip29,5.297182e-7*x0,x0*5.297182e-7,NA,NA,NA
oski15a10b00s,2.99999999953116e-6*x0,2.99999999953116e-6*x0,linear,x0,O(x0)
6s389b02,1.611058e-7*x0**1.0506027,x0**1.0589333*1.3909185e-7,polynomial,1.611058e - 7 * x0^2,O(x0^2)
beemlifts2b1,-0.9243703/x0**2.1714964,-0.9243703/x0**2.1714964,polynomial,0,O(1)
bob12s02,2.242895e-5*x0,x0*2.2430026e-5 + 118.918304,linear,2.242895e - 5 * x0,O(x0)
eijks208c,1.2485617e-7*x0**1.7217263,1.2485617e-7*x0**1.7217263,unknown,1.2485617e - 7 * x0**1.7217263,O(x0**1.7217263)
stack-p2,3.7840013e-7*x0,x0*3.7839038e-7 - 0.5915211,NA,NA,NA
dspfilters_fastfir_second-p16,0.0012170536*x0**0.5992846,0.0012170536*x0**0.5992846,linear,x0,O(x0)
shift_register_top_w32_d8_e0,6.5047425e-5*x0,x0*6.5047425e-5,NA,NA,NA
vcegar_QF_BV_itc99_b13_p10,2.94809e-7*x0,x0*2.94809e-7,NA,NA,NA
qspiflash_qflexpress_divfive-p121,exp(0.857329621311523*1.1486312**exp(x0**0.06833451)),exp(1.1486312**(-x0 + x0 + exp(x0**0.06833451) - 1.110859)),NA,NA,NA
qspiflash_qflexpress_divfive-p137,0.000460081918794683*exp(x0**0.17275973),1.0159223**((x0*x0*2.1109574)**0.19138183),NA,NA,NA
pdtvisbakery2,exp((0.06284925*exp(x0**0.12207497) + 0.9884726)**0.6249313),exp((0.06284925*exp(x0**0.12207497) + 0.9884726)**0.6249313),exponential,exp(0.1775,**
intersymbol_analog_estimation_convergence,0.000423750119918974*exp(x0**0.1995137),0.000423750119918974*exp(x0**0.1995137),exponential,0.000423750119918974,**
arbitrated_top_n3_w16_d128_e0,0.113870375*(-0.91652113*0.63613963**x0*x0 + 0.100314969903436*0.63613963**x0 + 1.3180016)**x0,0.113870375*(-0.91652113*0.63613963**x0*x0 + 0.100314969903436*0.63613963**x0 + 1.3180016)**x0,linear,0.093997,O(1)
cal4,0.000988591851094159*exp(x0**0.17858881),exp(x0**0.17858881 - 6.919229),exponential,0.000988591851094159,O(exp(K^0.17858881))
shift1add2048,2.8920857e-7*x0,x0*2.8920857e-7,NA,NA,NA
shift_register_top_w64_d8_e0,223.825712704335*3.7739587**(x0**0.106628805)/3.7739587**(x0**0.10625091),3.7739587**(x0**0.106628805 + x0 - (x0**0.10625091 + x0 - 4.0740666)),NA,NA,NA
bobtuintand,3.2533830497892e-7*x0,3.2533830497892e-7*x0,linear,3.2533830497892e-7 * x0**2,O(x0**2)
qspiflash_dualflexpress_divthree-p106,3.99999999984857e-5*x0,x0*(-119.25986) + x0 - (-118.2599)*x0 - 14.328544,NA,NA,NA
bobtuint22neg,2.651785e-5*x0,2.651785e-5*x0,linear,x0,O(x0)
pdtvisgigamax3,2.4435037e-11*x0**2.0599213,2.4435037e-11*x0**2.0599213,polynomial,2.4435037e - 11 * x0^3,O(x0^3)
nusmvreactorp3,4.6596047e-6*x0,4.6596047e-6*x0,linear,4.6596047e - 6 * x0,O(x0)
intel046,3.4746432e-7*x0,3.4746432e-7*x0,linear,3.4746432e,O(x0)
vis_arrays_am2910_p1,0.00154466147912873*exp(x0**0.15630314),x0*(-(x0 - (x0 + 0.37921035)) - 0.32288015)*0.000116914234,NA,NA,NA
zipversa_composecrc_prf-p17,4.5317302e-7*x0,x0*4.5317e-7,NA,NA,NA
139453p0,3.272255e-7*x0,x0*(-x0 + x0 + 0.0030222211)*2.8725772,linear,3.272255e - 7 * x0,O(x0)
shift_register_top_w16_d64_e0,3.659433*x0**2,(x0*(x0 - 11.94662) - exp(x0*(-0.7453815)*x0) + 11.426638)*3.659433,NA,NA,NA
arbitrated_top_n5_w32_d32_e0,(1.0025437**(0.2933004/x0**0.6348171))**(18.495338*x0),(1.0025437**(0.2933004/x0**0.6348171))**(18.495338*x0) + exp(x0**0.14481275*0.2758025) - 1*17.387253,exponential,1.0025437 ^ (5.4245 * x0^0.3651829),O(1.0025437 ^ (5.4245 * x0^0.3651829))
qspiflash_qflexpress_divfive-p094,1.0797255**(x0**0.2793997),1.0797255**(x0**0.2793997),NA,NA,NA
6s391rb379,exp(x0**0.08862342),x0**0.5357716*0.0076927915 - 23.007093,exponential,exp(x0 ** 0.08862342),O(exp(x0 ** 0.08862342))
gen31,2.54380859932013e-7*x0*exp(x0**0.13188298),2.54380859932013e-7*x0*exp(x0**0.13188298),exponential,2.54380859932013e-7,**
oski15a14b18s,3.5225054e-7*x0,3.5225054e-7*x0,linear,x,O(x)
intel047,exp(0.13166888*x0**0.39490932),exp(0.13166888*x0**0.39490932),exponential,exp(0.13166888 * x0 ** 0.39490932),O(exp(0.13166888 * x0 ** 0.39490932))
6s290,1.49999999976558e-6*x0,-x0 + x0 + x0*2.7887855 + (-x0 - 0.9011831)*2.788784,linear,1.49999999976558e - 6 * x0,O(x0)
arbitrated_top_n5_w8_d32_e0,3.8509208e-7*x0,x0*3.8509208e-7 - (-1)*1.9590648e-6*exp((x0 + x0)**0.39812776*(-x0 + x0 + 0.052268393)),linear,3.8509208e - 7 * x0,O(x0)
oski15a01b21s,-8.8773011300279e-9*x0,-8.8773011300279e-9*x0,linear,0,O(1)
boblivear,4.100061e-9*x0**2,exp(exp(x0**0.23323846*0.0937403 - x0 - x0 + x0 + x0))*0.883786,polynomial,4.100061e-9 * x0^2,O(x0^2)
qspiflash_dualflexpress_divthree-p113,735005.005805949*(exp(x0**(-0.32730377))**(-24.631023))**38.79611,x0*7.425025e-11*(x0 - 689524.4),NA,NA,NA
stack-p1,-1.1667135*x0**0.23949109,-113.69992*x0 - (-92.44112*x0 + x0*(-21.258821)),NA,NA,NA
vis4arbitp1,2.140284e-7*x0**1.6897477,x0*5.477435e-17*(335.51462 + x0*(-0.0003806554))*x0*x0,NA,NA,NA
beemlmprt8f1,0.000230000000101427*x0,x0*0.0003722342,polynomial,0.000230000000101427 * x0,O(x0)
texasifetch1p1,3.3944332e-7*x0,x0*3.3944332e-7,NA,NA,NA
zipcpu-zipmmu-p09,4.6959835e-7*x0,x0*4.781273e-7,NA,NA,NA
oski15a01b37s,1.6228556e-7*(x0 + exp(1.3542352e-7*x0))**1.0442381732146,1.6228556e-7*(x0 + exp(1.3542352e-7*x0))**1.0442381732146,unknown,unknown,unknown
beembrptwo3b2,(0.33209002*exp(x0**0.06505392) - 1.77103765)**5.6177793,(-(-x0 + x0 - 0.33209002*exp(x0**0.06505392) - 0.13702865) - 1.9080663)**5.6177793,exponential,0.0020509068 * exp(0.3654499099776 * x0^0.06505392),O(exp(x0^0.06505392))
bobsmoci,0.00136728334317326*exp(x0**0.19356444),exp(-x0 + x0 + (x0*0.4073992)**0.22185288*0.73017985 - 4.95986) - 1*1.4551451,exponential,0.00136728334317326,O(exp(x0^0.19356444))
bobtuint18neg,4.221307e-10*x0**1.6713252,x0**1.6713252*4.221307e-10,polynomial,7.054000000000001e-10,O(x0^2)
eijks349,5.007808e-7*x0,x0*5.0077887e-7,linear,5.007808e - 7 * x0,O(x0)
pdtvisretherrtf1,4.869619e-7*x0,x0*4.869619e-7,NA,NA,NA
qspiflash_qflexpress_divfive-p122,1.0057027**(x0**0.40750325),1.0057027**(x0**0.40750325) - exp(-x0 + x0 + 1.1926619),NA,NA,NA
oski15a01b61s,1.3054314e-7*(x0 + exp(1.4166217e-7*x0))**1.0594491,1.3054314e-7*(x0 + exp(1.4166217e-7*x0))**1.0594491,exponential,2.7658e-7 * exp(1.4166217e-7 * x0),O(exp(1.4166217e-7 * x0))
pdtvisvsa16a10,3.2885754e-7*x0,x0*3.2885754e-7,NA,NA,NA
pdtswvibs8x8p0,1.0458899**(x0**0.29545707),3.5040804e-10*x0**1.6762486,NA,NA,NA
irstdme5,0.00013182685*x0,0.00013182685*x0,linear,x0,O(x0)
eijks832,9.627061e-10*x0**1.929577,9.627061e-10*x0**1.929577,polynomial,9.627061e-10,O(x0^2)
bobtuint20neg,2.268298e-12*x0**2,2.268298e-12*x0**2,polynomial,2.268298e - 12 * x0^2,O(x0^2)
zipcpu-zipmmu-p31,1.0479871e-12*x0**2.1307929,1.0107759**(x0**0.40006104),NA,NA,NA
arbitrated_top_n2_w8_d32_e0,0.619518045374084*1.1518663**((1.00000096921632*x0**(1.6986525e-6 - 2.5567961e-12*x0)/1.7692916**(2.5567961e-12*x0))**x0),-(-1.2687768e-6)*x0 + (x0*(x0 + 6036.898)*3.5724147e-12)**(x0*x0*(-7.3885134e-11) + 2.0744855),exponential,0.619518045374084,As
shift1add256,2.7529342e-7*x0,x0*2.7529342e-7,NA,NA,NA
oski15a01b20s,3.6980208e-7*x0,3.6980208e-7*x0,linear,3.6980208e - 7 * x0,O(x0)
mentorbm1p09,0.00183028479235372*exp(x0**0.13074522),0.00183028479235372*exp(x0**0.13074522),exponential,0.00183028479235372,**
6s421rb083,-0.015925191*x0**0.8732489,exp((x0**0.180578 - x0 + x0 - 4.931917 - 1*0.180578)*0.87460166 - 1*1.0165284),linear,0,O(1)
intel043,exp(0.027812714326095*x0**0.29793215),exp((x0*(-32.130024) - x0 + x0*33.13003)**0.29793215),exponential,exp(0.027812714326095 * x0^0.29793215),O(exp(0.027812714326095 * x0^0.29793215))
pdtvisns2p3,3.9100038e-7*x0,3.9100038e-7*x0,linear,x0,O(x0)
nusmvreactorp6,0.000189999999975043*x0,0.000189999999975043*x0,linear,x0,O(x0)
qspiflash_dualflexpress_divfive-p154,6.42131282063068e-8*x0*exp(x0**0.123595074),1.1654492e-9*x0**1.7018441,NA,NA,NA
intel057,5.6818143292482e-17*x0**3,5.6818143292482e-17*x0**3,polynomial,5.6818143292482e - 17 * x^3,O(x^3)
6s13,0.02400895*exp(x0),0.02400895*exp(x0),exponential,0.02400895 * exp(x0),O(exp(x0))
oski15a01b77s,-0.008403643**exp(x0**(-0.94703716))*x0**exp(x0**(-0.94703716)),-0.008403643**exp(x0**(-0.94703716))*x0**exp(x0**(-0.94703716)),exponential,(-0.008403643,**
gen35,1.0402395**(x0**0.31399244),1.0402395**(x0**0.31399244),linear,1.0402395 * x0,O(x0)
gen21,8.126914e-12*x0**1.884098,8.126914e-12*x0**1.884098,unknown,K^2,O(K^2)
oski15a14b19s,5.2023364e-7*x0,5.2023364e-7*x0,linear,x0,O(x0)
pdtviscoherence4,6.77507e-11*x0**2,6.77507e-11*x0**2,polynomial,x^2,O(x^2)
nusmvguidancep6,6.5492764e-5*x0,6.5492764e-5*x0,linear,x,O(x0)
zipversa_composecrc_prf-p07,8.7392647e-7*x0**0.9555471,x0**0.9497066*9.632096e-7,NA,NA,NA
6s306rb03,3.15835006003426e-7*x0,x0*0.07423641 - ((x0 + x0)*0.037118047 - 0.09257302),linear,3.15835006003426e - 7 * x0,O(x0)
pdtvsarmultip13,3.9600118e-7*x0,x0*3.9600118e-7,NA,NA,NA
qspiflash_dualflexpress_divthree-p076,0.000112072090002691*x0,(-x0 + x0 - 0.233153)*(-0.00044759773)*x0,NA,NA,NA
intel056,1.3415554e-7*x0**1.070247,1.3415554e-7*x0**1.070247,polynomial,1.3415554e - 7 * x0^2,O(x0^2)
intel042,1.28055834929505*exp(1.9893848e-7*x0),((x0 - (x0 - 1.8485893) - (x0*(-8.211037e-8) - 1*(-1.5449469)) + exp(0.20159043 - (-8.211037e-8)*x0))**2.0952437 - 1*11.308924)*1.8096596,exponential,1.28055834929505 * exp(1.9893848e - 7 * x0),O(exp(1.9893848e - 7 * x0))
simple_alu,3.0011827e-7*x0,x0*3.0011827e-7,NA,NA,NA
eijks953,4.2452694e-10*x0**2,4.2452694e-10*x0**2,polynomial,x0^2,O(x0^2)
6s271rb045,(2.69394059948525e-7*x0 - 0.1845973)**(x0**0.06163493),exp(x0**0.17420068 - x0 + x0 - 13.748473),exponential,(2.69394059948525e,O(e^(x0
6s271rb079,7.60000000044059e-7*x0,x0*(-1.3549657) - x0 - 0.64503354*x0 + x0 + x0 + x0,linear,7.60000000044059e - 7 * x0,O(x0)
arbitrated_top_n2_w8_d16_e0,1.3116478e-6*x0,0.5481622 - (-1.311659e-6)*x0,linear,1.3116478e - 6 * x0,O(x0)
arbitrated_top_n4_w32_d32_e0,1.17247628312297*1.0175856**(51.1597434273066*exp(-2.0271377517936e-13*x0**2)),x0*((x0**(-0.14243186) + x0 - (x0 + 0.12174406))*0.0007516497 + 3.502915e-7) + exp(x0**(-x0 + x0 + 0.051246703))*0.090320095,polynomial,2.86,O(1)
6s273b37,1.22398565e-14*x0**2,(-x0 + x0 + (x0 - (x0 - 5.088946e-11*x0**1.5520825) - 1*0.4833476)*1.6517303 + 1.0374725)*0.63269025,polynomial,1.22398565e,Will
qspiflash_dualflexpress_divfive-p009,1.7021649e-18*x0**3,x0*x0*1.7021649e-18*x0,NA,NA,NA
bobtuint08neg,5.295081e-12*x0**2,x0*x0*5.295081e-12,polynomial,5.295081e - 12 * x0^2,O(x0^2)
ringp0,6.085884e-6*x0**1.03157313755544,x0**(3.8181465**(-x0 + x0 + 0.023201795))*6.085884e-6 - 1*0.678673,NA,NA,NA
oc8051gmdaaddr,1.29095383225845*exp(-x0**0.19640793)*exp(x0**0.21174176),1.29095383225845*exp(-x0**0.19640793)*exp(x0**0.21174176),exponential,1.29095383225845,O(exp(x0^2))
dspfilters_fastfir_second-p04,9.03019775994637e-7*x0,9.03019775994637e-7*x0,linear,9.03019775994637e - 7 * x0,O(x0)
dspfilters_fastfir_second-p10,exp(1.2366126**(x0**0.11750358)),exp(1.2366126**(x0**0.11750358)),exponential,exp(1.2366126 ** (x0 ** 0.11750358)),O(exp(1.2366126 ** (x0 ** 0.11750358)))
oski15a14b23s,x0**0.068823986,x0**0.068823986,linear,K,O(K)
bobtuint16neg,2.2746668e-12*x0**2,x0*2.2745525e-12*x0,polynomial,2.2746668e - 12 * x0^2,O(x0^2)
6s406rb067,8.8999999998951e-7*x0,x0*(-1.0858991) + x0*(-0.7559311) + x0*0.10578359 + x0*1.7360475,linear,8.8999999998951e - 7 * x0,O(x0)
pdtvisvending00,0.01239129089884*exp(0.548119181677235*x0**0.21262151),1.0489544**(x0**0.34935075),NA,NA,NA
marlann_compute_cp_fail1-p2,8.0004736e-7*x0**0.9620511,8.0004736e-7*x0**0.9620511,linear,8.0004736e-7,O(x0)
6s134,x0**0.330042,x0**0.330042,unknown,x^2,O(x^2)
productioncellp0,2.3347038e-6*x0,x0*2.3345958e-6,NA,NA,NA
6s120,6.323132e-9*x0**1.6711035,exp(0.5682092**(x0**0.22674826*(-0.107507825) - x0 + x0 - 1*0.062916204)),polynomial,1.0564619999999999e-8,**\n
6s108,-0.00023970644*x0,(x0*16.446333)**exp(-0.965713**x0),linear,0,O(1)
bobcohdoptdcd4,0.458735521901096*exp(1.0562422**(x0**0.32878503)),exp(1.450697 - (-9.0216e-5)*x0),**,0.458735521901096,O(exp(1.0562422
oski15a14b03s,2.5074766323748e-11*x0**1.76208487082977,2.5074766323748e-11*x0**1.76208487082977,unknown,2.5074766323748e,**
6s122,exp(1.59715835162531*exp(exp(4.917917e-14*x0**2))),exp(1.0000025**(x0*0.2955101)) + 102.50847,exponential,exp(1.59715835162531 * exp(exp(4.917917e - 14 * x0^2))),O(exp(1.59715835162531 * exp(exp(4.917917e - 14 * x0^2))))
6s317b14,3.48231116073548*exp((x0**0.1379958 - x0 + x0 - 3.8246431)**1.4320521),x0*x0*0.072897136,exponential,3.48231116073548 * exp(x0 ^ 0.19760799583398),O(exp(x0 ^ 0.19760799583398))
circular_pointer_top_w8_d16_e0,3.448798e-5*x0,x0*3.448798e-5,linear,3.448798e - 5 * x0,O(x0)
prodcellp1,2.0462926e-6*x0,x0*2.0463958e-6,NA,NA,NA
irstdme6,0.000278576279930072*x0,0.000278576279930072*x0,linear,0.000278576279930072 * x0,O(x0)
nusmvtcasp3,3.953083e-6*x0,3.953083e-6*x0,linear,3.953083e - 6 * x0,O(x0)
oski15a10b17s,2.5627074e-8*x0**1.1357769,2.5627074e-8*x0**1.1357769,unknown,(2.5627074e-8),O(x0^2)
zipcpu-zipmmu-p26,7.6534036e-7*x0**1.3089035,x0**1.3034108*8.3478955e-7,NA,NA,NA
qspiflash_dualflexpress_divfive-p037,3.3217883e-11*x0**1.9287261,x0*x0*1.0652825e-11,NA,NA,NA
6s319r,1.3149881**(3.4061779432096*1.1790507**(4.999999996258e-7*x0)),exp(0.20086238*(-15.694701*x0 - 1.2588692*x0 + 8.476786*(x0 + x0))),exponential,1.3149881,**
oski15a10b01s,3.3149834e-7*x0,3.3149834e-7*x0,linear,3.3149834e - 7 * x0,O(x0)
nusmvreactorp5,1.8636114e-5*x0,1.8636114e-5*x0,linear,1.8636114e - 5 * x0,O(x0)
intel040,3.73369393198404e-18*x0**2.5575368,x0**2.5575368*exp(x0 + x0 - (x0 + x0 + 6.2749696) - 1*33.854164),polynomial,3.73369393198404e - 18 * x^3,O(x^3)
oski2b1i,9.52026621695e-6*x0**0.78969255,x0*(4.9443463e-7 - 5.2876307e-16*x0),NA,NA,NA
oski15a14b15s,4.21000000000449e-7*x0,4.21000000000449e-7*x0,linear,x0**2,O(x0**2)
pdtvsar8multip23,3.2099493e-7*x0,x0*3.2099493e-7,NA,NA,NA
bobmiterbm1or,4.1133745e-8*x0**1.0810345,x0**1.0810345*4.1133745e-8,polynomial,4.1133745e - 8 * x0**2,O(x0^2)
qspiflash_qflexpress_divfive-p079,1.2861604e-11*x0**2,x0*x0*1.2861604e-11,NA,NA,NA
zipversa_composecrc_prf-p11,1.0567247e-7*x0**1.0802789,x0**1.0802789*1.0567247e-7,NA,NA,NA
6s38,0.09792854*x0**3,0.09792854*x0**3,polynomial,0.09792854 * x0^K,O(x0^K)
arbitrated_top_n3_w32_d16_e0,0.009643937*x0,0.009643937*x0,linear,x0,O(x0)
bj08vendingcycle,(9.92462e-7*x0 + 0.99002963*exp(5.65873135061045e-10097*exp(-5.84066800567754e-10*x0**2 + 0.00736968779227122*x0)*exp(9.59711346798796e-17*x0**3 - 1.21095275227628e-9*x0**2 + 0.0038199156786487*x0)))**1.0298647,(x0*9.92462e-7 + exp(exp((x0*4.578398e-6 - 1*27.863485)*(x0*4.578398e-6 - 1*28.88485)*(x0*4.578398e-6 - 1*28.88485)))*0.99002963)**1.0298647,exponential,0.9897000000000001 * exp(5.82767099201581e - 10097 * exp(9.59711346798796e - 17 * x0**3 - 1.79501955284393e - 9 * x0**2 + 0.01118960347091992 * x0)),O(exp(exp(x0^3)))
6s301rb106,7.89999999945001e-7*x0,x0*(-0.9868859) + 0.9868868*x0 - (x0**0.1389317 - 1*1.1813107),linear,x0**2,O(x0**2)
beemandrsn4b1,8.536182*x0**2,8.536182*x0**2,polynomial,8.536182 * x0^2,O(x0^2)
bjrb07amba1andenv,5.052117e-7*x0**0.9673615,x0**0.9673615*5.052117e-7,unknown,x0,O(x0)
6s215rb0,3.4724877e-7*x0,x0**1.0409569*1.6259393e-7,linear,3.4724877e,**
pdtvisgigamax4,3.2341324e-10*x0**1.8928012,3.2341324e-10*x0**1.8928012,polynomial,x0^2,O(x0^2)
nusmvreactorp4,1.4201737e-5*x0,1.4201737e-5*x0,linear,1.4201737e - 5 * x0,O(x0)
bobuns2p10d100l,1.28188398654563e-6*x0,1.28188398654563e-6*x0,linear,1.28188398654563e - 6 * x0,O(x0)
qspiflash_dualflexpress_divthree-p075,1.1320001**(x0**0.24838117),1.1320001**(x0**0.24838117),NA,NA,NA
oski15a01b57s,3.4000000000145e-7*x0,3.4000000000145e-7*x0,linear,x0,O(x0)
circular_pointer_top_w128_d8_e0,9.99999998896328e-6*x0,-166.86546*x0 + x0 + 6.5147066*(x0 + 24.460161*x0),linear,9.99999998896328e - 6 * x,O(x)
mutexp0,4.085951e-7*x0,x0*4.085951e-7,linear,4.085951e - 7 * x0,O(x0)
cmuperiodic,0.009678584*x0**0.24365206,x0**1.1887392*1.5971683e-8 + 0.23144484,linear,0.009678584 * K ^ 0.24365206,O(K ^ 0.24365206)
qspiflash_dualflexpress_divfive-p022,4.4721725e-7*x0,x0*4.4721725e-7,NA,NA,NA
zipcpu-zipmmu-p33,1.3455948e-8*x0**1.5562549,x0**1.5562549*1.3455948e-8,NA,NA,NA
dspfilters_fastfir_second-p07,1.166166**(x0**0.18725726),1.166166**(x0**0.18725726),exponential,1.166166 ^ (x0 ^ 0.18725726),O(1.166166 ^ (x0 ^ 0.18725726))
oski15a01b41s,2.7453997*x0**2,2.7453997*x0**2,polynomial,5.4907994 * K^2,O(K^2)
eijks1238,-1.05818280499672e-13*x0**2,-1.05818280499672e-13*x0**2,polynomial,0,O(1)
nusmvtcasp2,3.7390616e-6*x0,3.7390616e-6*x0,linear,3.7390616e - 6 * x0,O(x0)
kenoopp1,1.0000011**x0,1.0000011**x0,exponential,1.0000011^x0,O(1.0000011^x0)
oski15a01b16s,1.4087968e-7*x0**1.0495164,1.4087968e-7*x0**1.0495164,unknown,1.4087968e-7,O(x0^2)
circular_pointer_top_w16_d32_e0,4.5265064e-5*x0,x0*4.5265064e-5,linear,4.5265064e,O(x0)
nusmvbrp,1.695565e-8*x0**2,1.695565e-8*x0**2,polynomial,K^2,O(K^2)
arbitrated_top_n4_w64_d32_e0,3.5646445e-7*x0,-(-3.5603495e-7)*x0 + exp(41.83619**(x0 + (x0 + 41.83619)**(-0.08943399) - (x0 - 1*(-0.1239764))) + x0 - (x0 - 1*0.3947422)),linear,3.5646445e,O(x0)
zipcpu-zipmmu-p02,6.39999999947349e-5*x0,-121.87859*x0 + x0 - (x0*(-121.878654) + x0) - 32.720737 + 8.735911,NA,NA,NA
arbitrated_top_n3_w8_d128_e0,-0.13107464*x0**0.26247036,(x0**0.26247036 - x0*(exp(x0)**(-0.4194782) + 0.07225246) + x0 + 0.07225246)*(-0.13107464) + exp(x0*0.26247036 - 1.7763445),NA,NA,NA
paper_v3,3.5080282e-7*x0,3.5080282e-7*x0,linear,3.5080282e,**
bj08amba5g62,4.0478e-7*x0,x0*0.024074933,linear,4.0478e - 7 * x0,O(x0)
qspiflash_dualflexpress_divfive-p007,4.87480070704612e-32*3.3527729e-6**(1.46632401672307*exp(-3.094076e-6*x0))*x0**(5.7553062 + 1.46632401672307*exp(-3.094076e-6*x0)),(x0*3.3527729e-6)**(-x0 + x0 + exp(0.3827586 - 3.094076e-6*x0) + 5.7553062)*1.5701183,NA,NA,NA
qspiflash_dualflexpress_divthree-p124,1.1797051e-11*x0**2,x0*1.1797051e-11*x0,NA,NA,NA
oski15a01b39s,3.29129115494651e-7*x0,3.29129115494651e-7*x0,linear,3.29129115494651e,O(x0)
arbitrated_top_n3_w8_d16_e0,3.7124946e-7*x0,x0*3.765381e-7 - exp(-x0 + x0 - 3.8533242),linear,3.7124946e - 7 * x0,O(x0)
oski2b2i,3.59999999990923e-7*x0,-0.08269455*x0 + x0*0.08269491 - 0.5189953 + 0.23685735,NA,NA,NA
6s210b037,3.0706113e-7*x0,x0*(-2.4975413e-9*(-x0 + x0 - (x0*2.3379854e-8 - 1*3.4733653)) - 1*(-3.135945e-7)),linear,3.0706113e - 7 * x0,O(x0)
pdtpmstwo,7.946641e-5*x0,x0*7.946641e-5,NA,NA,NA
prodcellp2neg,2.1074136e-6*x0,2.1074136e-6*x0,NA,NA,NA
oski15a14b16s,1.42122142565194e-6*x0,1.42122142565194e-6*x0,linear,1.42122142565194e - 6 * x0,O(x0)
nusmvguidancep8,7.755315e-5*x0,7.755315e-5*x0,linear,7.755315e - 5 * x0,O(x0)
qspiflash_qflexpress_divfive-p075,7.590504e-9*x0**1.550085,6.2163457e-9*x0**1.562438,NA,NA,NA
pdtvisgoodbakery0,-1.35359234638446*exp(x0**0.20000052)**0.22361185,-1.35359234638446*exp(x0**0.20000052)**0.22361185,polynomial,0,O(1)
oski15a07b1s,1.4842482e-6*x0,1.4842482e-6*x0,linear,1.4842482e-6 * x,O(x)
bc57sensorsp2,exp((9.3704160029743e-6*x0 + 1.4351626071024)**0.40350702),exp(((x0*144.59932 - (x0*146.59929 - (x0 + 2.2973835) - (x0 + 2.2973835)))*0.3123472)**0.40350702),exponential,exp(0.009371 * x0^0.40350702),O(exp(0.009371 * x0^0.40350702))
power2bit128,3.0149062e-7*x0,x0*3.0149062e-7,NA,NA,NA
bj08amba3g1,3.0672217e-7*x0,0.31138545 - (-0.008701317)*x0,linear,3.0672217e,O(x)
gen12,2.8456564e-9*x0**1.5357568,2.8456564e-9*x0**1.5357568,polynomial,2.8456564e-9 * x0^2,O(x0^2)
6s344rb150,2.98220716760111e-7*x0,x0*0.05292057 + (x0*(-0.058236532) + x0*0.053298455 + x0)*(-0.053182893) - 1*0.8325402 - 1*0.6049736 + 1.1518075,linear,2.98220716760111e - 7 * x0,O(x0)
6s307rb09,3.110211e-7*x0,-(-0.031643383)*x0 + exp(-0.9652443**x0*3329907.0),linear,x0,O(x0)
oski15a01b03s,-x0,6.2516937 - (x0 - (x0*0.23595428)**2.0929873 + (x0**0.3401617 - 0.29557964)**(-8.254293) + exp(-x0 - 3.6056933) - 13.271429),NA,NA,NA
qspiflash_qflexpress_divfive-p048,(3.4633737e-7*x0 + 0.9839707)**2.5057108,(0.9839707 - (-3.4633737e-7)*x0)**2.5057108,NA,NA,NA
cmugigamax,9.933741e-9*x0**1.6066817,1.0905448**(x0**0.27857825),unknown,x^2,O(x^2)
vcegar_QF_BV_ar,2.8622853e-7*x0,x0*(-0.05662895) + x0*0.056629233 - 0.2778095,NA,NA,NA
cal162,0.965229144641567*1.028977**(x0**0.33069116),1.028977**(x0**0.33069116 + x0 - (-x0 - x0 + x0 + x0 + x0 - 0.48519433 + 1.7241098)),exponential,0.965229144641567 * (1.028977 ^ (x0 ^ 0.33069116)),O(1.028977 ^ (x0 ^ 0.33069116))
cal176,7.7374167*x0**2,7.7374167*x0**2,polynomial,x0^2,O(x0^2)
intel059,4.305789e-7*x0,4.305789e-7*x0,linear,x0,O(x0)
pdtvsarmultip08,3.2755116e-7*x0/(-x0 + x0 + 1.8976787)**0.052851915,(-x0 + x0 + 24.084486)*x0*1.3144727e-8,NA,NA,NA
oc8051gmfbaddr,8.8000000005195e-5*x0,8.8000000005195e-5*x0,linear,8.8000000005195e - 5 * x0,O(x0)
mentorbm1p07,1.0429033e-5*x0,1.0429033e-5*x0,linear,1.0429033e-5 * x0,O(x0)
139464p0,3.2400476e-7*x0,(x0 + exp(x0*2.0520194e-7))*3.2496558e-7,linear,3.2400476e - 7 * x0,O(x0)
nusmvsyncarb10p2,3.6539538e-7*x0,3.6539538e-7*x0,linear,3.6539538e - 7 * x0,O(x0)
cal41,3.806326e-15*x0**2.7269208,2.8808067e-10*x0*x0*(x0*(-1.0071814) + 0.5035908*(x0 + x0)),polynomial,x0 ** 3,O(x0^3)
pj2010,4.557825e-8*x0**1.1384785,x0**1.1396652*4.4516156e-8,NA,NA,NA
6s404rb4,1.3861002*x0**2,x0*(-(-1.3861002)*x0 - 6.3942027) + 5.248095,NA,NA,NA
6s206rb103,1.7237602e-5*x0**0.75752515,x0*(x0**(-0.24247485) + (-x0 - x0 + x0*4.5198362e-6 + x0 + x0)*1.3064429e-5)*1.7237602e-5 - 1*0.5818224,linear,1.7237602e-5 * x0^0.75752515,O(x0^0.75752515)
6s329rb19,0.00087546394*x0**0.60694,x0*(-1.4620306) + x0*(-0.5379688) + x0 + x0 + 3.0443456,linear,0.00087546394,O(x0)
6s339rb19,exp(1.55439115685677e-10*x0**1.576451)*exp(-exp(-9.64059262389964e-184*x0**29.597174)),((-x0 + x0 + x0 + (x0 - 1*2.8244634)*(-1.0000007) - 2.8332875)*(-1.0763022))**2.9531069,exponential,exp(1.55439115685677e-10 * x0^1.576451),O(exp(1.55439115685677e-10 * x0^1.576451))
oski15a01b15s,3.72799350056852e-7*x0,3.72799350056852e-7*x0,linear,x0**2,O(x0**2)
qspiflash_qflexpress_divfive-p100,1.0682467e-7*x0**1.3535616,x0**1.3535616*1.0682467e-7,NA,NA,NA
pdtswvsam6x8p1,1.0343971**(x0**0.3030261),1.0363302**(x0**0.29992563),NA,NA,NA
pdtpmsns2,7.275733e-12*x0**2.5626588,x0**2.5626588*7.275733e-12,NA,NA,NA
beemszmsk1f1,0.00917134346122016*2.229823**(0.1430558*exp(x0**0.115693815)),exp(x0**0.23677701 - x0 - x0 + x0 + x0 - 15.865311 + 0.025093764)*0.8642756 - 1*14.458975,exponential,0.00917134346122016 * 2.229823 ** (0.1430558 * exp(x0 ** 0.115693815)),O(exp(exp(x0^0.115693815)))
dspfilters_fastfir_second-p21,6.49999999990936e-7*x0,6.49999999990936e-7*x0,linear,6.49999999990936e,O(x)
dspfilters_fastfir_second-p09,3.29999999992836e-6*x0,3.29999999992836e-6*x0,linear,x0,O(x0)
oski15a01b35s,-9.357354e-7*x0**0.9713774,-9.357354e-7*x0**0.9713774,linear,0,O(1)
bob9234spec6neg,7.932763e-6*x0,x0*7.932763e-6,linear,x,O(x)
pj2006,1.0058522**(x0**0.40061012),1.0058522**(x0**0.40061012),NA,NA,NA
139442p1,5.3790214e-12*x0**1.8714151,x0*x0*4.4936258e-13 + exp(-x0 - (-1.765577e-7)*x0 + x0),exponential,1.0061999999999999e-11,**\nThe
mentorbm1p05,9.651436e-11*x0**1.6065722,9.651436e-11*x0**1.6065722,unknown,unknown,unknown
dme6p1neg,4.4304412e-7*x0,4.4304412e-7*x0,linear,4.4304412e - 7 * x0,O(x0)
oski15a01b23s,3.518697e-7*x0,3.518697e-7*x0,linear,3.518697e-7,O(1)
oc8051gmc6data,0.45763631099778*3.2375128**(1.161166**(x0**0.1611166)),0.45763631099778*3.2375128**(1.161166**(x0**0.1611166)),polynomial,0,O(1)
qspiflash_dualflexpress_divfive-p164,2.6285465e-9*x0**1.6405095,2.6285465e-9*x0**1.6405095,NA,NA,NA
nusmvtcastp3,1.1968485e-5*x0,1.1968485e-5*x0,linear,1.1968485e - 5 * x,O(x)
zipversa_composecrc_prf-p22,4.87145239924658e-7*x0,-x0 + x0*4.6006284e-7 + x0 - 1*1.3660343 + 0.68762076 + 0.7539725,NA,NA,NA
6s357r,6.14144941499564e-5*exp(0.5276402*x0),exp(1.7394357 - ((28.302975 - x0)*0.5276402 - (-exp(x0) + exp(x0) + 3.496487))),NA,NA,NA
bc57sensorsp1,3.2203563e-5*x0,x0*3.2203563e-5,linear,x0,O(x0)
viscoherencep3,2.0670006e-8*x0**1.7013533,1.1806603e-8*x0**1.7405661,NA,NA,NA
zipcpu-busdelay-p46,3.6819357e-14*x0**2.6863115,x0**2.6863115*3.6819357e-14,NA,NA,NA
gen39,7.83983e-8*x0**1.3164399,7.83983e-8*x0**1.3164399,linear,1.0308000000000001e-07 * x0,O(x0)
gen10,15.9161895198689*exp(0.09992898*1.1426592**(x0**0.19856356)),15.9161895198689*exp(0.09992898*1.1426592**(x0**0.19856356)),exponential,15.9161895198689,O(exp(1.1426592^(x0^0.19856356)))
zipcpu-busdelay-p47,2.01313624837816e-12*x0**2,6.1990486e-6*x0*(-x0 + 2.4044186e-7*x0 + x0 + 0.6456009),NA,NA,NA
viscoherencep2,1.024107**(x0**0.3789106),22.696848**(x0**0.12245118 - x0 + x0 - 4.0087256),NA,NA,NA
eijks1196,1.03667366e-6*x0,1.03667366e-6*x0,linear,1.03667366e - 6 * x,O(x)
bc57sensorsp0,2.7795868e-5*x0,-exp(x0**0.31589353*0.04189817) + exp(x0**0.14217284 - x0 + x0)*0.04680439,linear,2.7795868e - 5 * x0,O(x0)
bj08amba2g4f3,2.8517185e-5*x0,-179.7251*x0 + x0*179.72513,linear,x0,O(x0)
qspiflash_qflexpress_divfive-p063,3.544264e-16*x0**2.8417268,x0**2.8417268*3.544264e-16,NA,NA,NA
qspiflash_dualflexpress_divthree-p046,7.872511e-10*x0**1.735518,x0**1.7707087*4.5756193e-10,NA,NA,NA
intel066,x0**3,x0**3,polynomial,x0^3,O(x0^3)
cal161,2.49107715971881e-5*x0,(-x0 + x0*(-1.5649944e-7) + x0)*x0*(-1.3544937e-5),linear,2.49107715971881e - 5 * x0,O(x0)
cal149,0.200000000000000,0.200000000000000,polynomial,0.2,O(1)
qspiflash_dualflexpress_divthree-p085,3.3976568e-11*x0**2,x0*x0*3.3976568e-11,NA,NA,NA
oski15a08b15s,0.00047472076*x0**4,0.00047472076*x0**4,polynomial,x0^K,O(x0^K)
beemadd4b1,1.74164159859598e-12*exp(1.28307268996617*x0**0.27275187)*exp(-8.77100684243581e+15*exp(-x0**0.3098139)),exp((x0 + x0*1.4939371)**0.27275187 - exp(36.710228 - x0**0.3098139) - 27.076193) + 1.0488855,exponential,1.74164159859598e - 12 * exp(1.28307268996617 * x0^0.27275187),O(exp(x0^0.27275187))
139442p0,3.1397738e-7*x0,(x0 + exp(x0*0.0014948205))*0.0032525805,linear,3.1397738e - 7 * x,O(x)
pj2007,1.819681e-6*x0,x0*1.8207087e-6 + exp(x0**(-0.9750041))**(x0**1.0133862),NA,NA,NA
beemptrsn4b1,-x0**0.3106943,2.4904141**((x0**0.21950544 - 8.271725)*(x0 - (x0 - 0.8393048))) - 1*14.842924,polynomial,0,O(1)
oski15a08b03s,0.0044600074*x0**3,x0*(x0*(x0*0.0044600074 - 0.13688053) + 5.382391) + x0 - 1*5.0696483 - 1*(-0.13964696),NA,NA,NA
cal81,5.1475662*x0**2*exp(x0**(-264.0593)),5.1475662*x0**2*exp(x0**(-264.0593)),polynomial,5.1475662,**\n
pdtvisvsar22,3.210451e-7*x0,x0*3.210451e-7,NA,NA,NA
zipcpu-zipmmu-p14,8.6753e-12*x0**2,exp(x0**0.15684125 - 5.7684317),NA,NA,NA
texasifetch1p8,2.1313807e-7*x0,x0*2.1313807e-7 + (-x0 + x0 + 0.13583232)*0.048044037,NA,NA,NA
zipcpu-zipmmu-p00,7.653249e-9*x0**1.6000496,x0 + x0 + x0 + x0**(exp(x0**(-1.0806745))**1.5711596)*(-2.999874) - (x0**0.36477792 - 68.672035),NA,NA,NA
bjrb07amba4andenv,1.9140053e-10*x0**2*exp(7.802927e-8*x0),x0**2.4446263*2.7996268e-13 - x0**((-x0 + x0 + 0.034032345)*4.214974) + 4.755822,exponential,1.9140053e - 10 * x0^2 * exp(7.802927e - 8 * x0),O(x0^2 * exp(7.802927e - 8 * x0))
qspiflash_qflexpress_divfive-p107,-0.00167744702337945*x0,x0*(-(-0.00049191987)*(x0**0.09095596 - x0 + x0 - 3.0668042) - 0.0001688251),NA,NA,NA
qspiflash_qflexpress_divfive-p113,1.2856652e-9*x0**1.6543555,1.2856652e-9*x0**1.6543555,NA,NA,NA
oc8051gm15addr,5.99999999622014e-5*x0,5.99999999622014e-5*x0,linear,5.99999999622014e - 5 * x,O(x)
beemmsmie1f1,1.03184588938436*1.0415041**(x0**(-0.09024803*0.7250788**(x0**0.3586032)*x0**2 + 0.41494882)),-0.000463566*x0 + exp(x0**0.4826229*0.025653634 - 1*3.6376407),exponential,1.03184588938436,O(1.0415041^(x0^0.41494882))
eijks344,4.930251e-7*x0,x0*4.930251e-7,linear,4.930251e - 7 * x0,O(x0)
6s339rb22,4.2736315e-7*x0,-0.040350597*1.0000017**x0 + (1.0000017**x0*0.04779488)**1.8173702 + exp(1.0000017**x0*0.039003406) - 0.8226247,linear,4.2736315e - 7 * x0,O(x0)
oski15a14b21s,1.46000000000868e-6*x0,1.46000000000868e-6*x0,linear,1.46000000000868e,O(x0)
qspiflash_dualflexpress_divthree-p136,1.6469769e-9*x0**1.6753594,0.7830288*x0*exp(x0 - (x0 + 10.288844))*0.55580235*(-x0 - x0 + x0 + x0 + (x0 + x0)*4.5438583e-7),NA,NA,NA
pj2003,3.0796568e-7*x0,3.5008154 - (x0*(-0.09318199) + x0*0.09318162 - 1*(-0.6724557) + 3.179134),NA,NA,NA
cmudme2,1.25274962679169e-9*exp(x0**0.2763379),1.25274962679169e-9*exp(x0**0.2763379),exponential,1.25274962679169e-9 * exp(x0 ^ 0.2763379),O(exp(x0 ^ 0.2763379))
beemtrngt4b1,1.10229005e-14*x0**2.6384096,exp(1.2093598**(x0**0.16248804 - x0 + x0))*0.25763994,unknown,1.10229005e,O(x0^3)
bob9234spec4neg,4.1413827e-7*x0,x0*4.1413827e-7,linear,4.1413827e-7 * x0,O(x0)
oski15a08b14s,-0.06681704**x0,-0.06681704**x0 + (-0.64706135**x0 + 0.90046847**x0 + 1.1349705)**x0 + exp(((-0.755053**x0*34.157654)**x0 + 0.90058446)**x0),NA,NA,NA
qspiflash_dualflexpress_divfive-p161,0.00390413121732888*exp(exp(1.1163573**(x0**0.14247409))),(x0*1.5509498e-6)**4.416451,NA,NA,NA
oski15a01b59s,2.7360094*x0**2,(x0 - 1.0174228)*(x0 - (-1.7360094*x0 + exp(0.35085797**x0)*9.062126) - 19.137583),NA,NA,NA
cal159,1.016161**(x0**0.36585626),(-x0 + x0 + x0**2.415678*4.7931725e-17 + 0.25686294)*83.885735,exponential,1.016161^(x0^0.36585626),O(1.016161^(x0^0.36585626))
neclaftp4001,6.17465e-8*x0**1.0838833,6.17465e-8*x0**1.0838833,polynomial,x0^2,O(x0^2)
qspiflash_qflexpress_divfive-p067,3.99999999842748e-5*x0,x0*(-196.30759) - x0 + x0*197.30763 - 10.688852,NA,NA,NA
oc8051gm1edata,6.54104160240365e-5*x0,6.54104160240365e-5*x0,linear,x0,O(x0)
shift_register_top_w16_d8_e0,6.383457e-5*x0,x0*6.383457e-5,NA,NA,NA
gen14,1.3712843e-9*x0**1.5774353,1.3712843e-9*x0**1.5774353,polynomial,1.3712843e,**
bobsynthetic2,1.284446433978*1.0285997**(6.99999999831391e-6*x0),-x0 + (-1.9444975*x0 - x0 + x0 + x0 + x0 - 1.7752229)*18.017353,exponential,1.284446433978,O((1.0285997)^(6.99999999831391e
zipcpu-busdelay-p43,2.3785958e-6*x0,x0*2.3786097e-6 - 1*4.206018,NA,NA,NA
6s218b2950,-x0**0.082002245,-x0 + x0*0.00059082033 + x0*0.021575922 + x0 + (x0 - exp(-x0 + x0 + 1.3770812))*(-0.022166444) - 1*0.59656847 - 0.04759404 + 0.44606826,polynomial,0,O(1)
arbitrated_top_n4_w128_d16_e0,3.3896396e-7*x0,-(-3.5003805e-7)*x0 + exp(-x0 + x0 - 2.82005),linear,3.3896396e - 7 * x0,O(x0)
pdtpmsusbphy,4.503369e-7*x0,x0*4.5033448e-7,NA,NA,NA
oski15a01b75s,-0.07376478**(1.9288763e-7*x0),-0.07376478**(1.9288763e-7*x0),polynomial,0,O(1)
power2eq32768,2.6918045e-7*x0,x0*2.6917917e-7,NA,NA,NA
intel063,8.2660434e-14*x0**2.1947215,8.2660434e-14*x0**2.1947215,polynomial,8.2660434e,O(x0^3)
mentorbm1p01,3.2250145e-7*x0,3.2250145e-7*x0,linear,3.2250145e - 7 * x0,O(x0)
qspiflash_dualflexpress_divthree-p094,1.5316314e-8*x0**1.4927049,x0**1.6489933*1.3351766e-9,NA,NA,NA
oski15a01b22s,3.59969429986062e-7*x0,3.59969429986062e-7*x0,linear,3.59969429986062e,O(x0)
oc8051gm58addr,7.50505936572696e-5*x0,7.50505936572696e-5*x0,linear,7.50505936572696e-5 * x0,O(x0)
pj2016,(0.42262435*exp(0.059617724*x0**0.23503834) - 1.09501850750182)**2.3591063,((x0 - (x0 + 2.5909972) + exp(x0**0.23503834*0.059617724))*0.42262435)**2.3591063,NA,NA,NA
6s275rb318,-1.3612861980501e-14*x0**2,x0*(-0.15235808) + x0*0.15235852 - 0.11418581,polynomial,0,O(1)
pj2002,4.5856953e-7*x0,x0*4.499032e-7 + exp(-x0 + x0 - 1*2.2134595),NA,NA,NA
dspfilters_fastfir_second-p25,2.04679939996844e-6*x0,2.04679939996844e-6*x0,linear,2.04679939996844e - 6 * x0,O(x0)
139462p0,3.3339026e-7*x0,x0*(x0*5.3671386e-7 + 0.008810167),linear,3.3339026e-7 * x,O(x)
zipcpu-zipmmu-p39,8.465917e-6*x0,x0*8.465917e-6,NA,NA,NA
pdtvisvending09,3.3787595e-7*x0,x0**1.0286721*2.1400894e-7,NA,NA,NA
eijks386,exp(0.006338109*x0**0.4932295),exp(x0**0.1916095 - 8.33996),exponential,exp(0.006338109,O(exp(0.006338109
oski15a01b63s,-3.50454745872748e-7*x0**0.13424236*exp(x0**0.13424236),-3.50454745872748e-7*x0**0.13424236*exp(x0**0.13424236),exponential,0,O(1)
prodcellp0neg,2.0340085e-6*x0,x0*2.0340085e-6,NA,NA,NA
qspiflash_qflexpress_divfive-p104,9.103037e-15*x0**2.4070148,x0**2.4070148*9.103037e-15,NA,NA,NA
6s385rb444,3.29999999992836e-7*x0,x0*(-0.16295765) + x0*0.04639972 - (-0.116558276)*x0 - 1*1.0 + 0.4259266,linear,3.29999999992836e - 7 * x0,O(x0)
pdtvisgray0,3.3597075e-7*x0,3.3597075e-7*x0,polynomial,x0**2,O(x0**2)
arbitrated_top_n5_w64_d16_e0,2.0453191e-7*x0**1.0321077,x0**1.03544*1.9241972e-7,unknown,2.0453191e - 7 * x0^2,O(x0^2)
visarbiter,8.177329e-8*x0**1.618625,x0**1.618625*8.177329e-8,NA,NA,NA
cal86,0.028567217*exp(x0),0.028567217*exp(x0),exponential,0.028567217 * exp(x0),O(exp(x0))
pdtpmsblackjack,6.898281e-10*x0**1.6714828,x0**1.6714828*6.898281e-10,NA,NA,NA
qspiflash_dualflexpress_divthree-p121,-0.00177838302045186*x0,x0**0.3412482*(-x0 + x0*(-1.4739598e-7) + x0)*x0*(-4.8196334e-6),NA,NA,NA
qspiflash_dualflexpress_divfive-p016,1.4223722e-15*x0**2.4070492,exp(x0**0.16305579 - 1*9.228069),NA,NA,NA
oski15a01b55s,3.238901e-7*x0,3.238901e-7*x0,linear,3.238901e,O(x0)
shift1add512,2.7519593e-7*x0,x0*2.7519593e-7,NA,NA,NA
6s202b00,3.39223861680476e-7*x0,3.39223861680476e-7*x0,linear,3.39223861680476e - 7 * x0,O(x0)
visprodcellp01,5.869315e-7*x0,-x0 + x0*5.818287e-7 + x0 + 0.12126911,NA,NA,NA
pdtvsarmultip30,1.5076625e-7*x0**1.0433453,1.5076625e-7*x0**1.0433453,unknown,x0^2,O(x0^2)
beemelev2f1,2.62300000105631e-5*x0,exp((-153.68187*x0 + x0 - (-1)*152.68188*x0)**0.34832877),linear,2.62300000105631e - 5 * x0,O(x0)
intel061,0.000240162749102286*x0,0.000240162749102286*x0,linear,0.000240162749102286 * x0,O(x0)
6s309b046,45.3865951302127,exp(x0 - (x0 - 3.5057347)),unknown,45.3865951302127,O(1)
qspiflash_dualflexpress_divthree-p069,0.000351016088277638*exp(x0**0.1679396),x0**2.5379162*1.9299902e-15,NA,NA,NA
6s342rb131,4.00000000011502e-7*x0,x0*1.3642443 - (x0 - (-1.3642439*x0 + x0 - 6.100047) + 7.021408) - 3.7419064 + 13.830389,linear,4.00000000011502e - 7 * x0,O(x0)
qspiflash_qflexpress_divfive-p064,8.207515e-12*x0**2,x0*x0*8.1814425e-12,NA,NA,NA
bobsynth09neg,1.0694858**(x0**0.25876686),(x0*4.5716263e-7)**2.1239538,linear,1.0694858,O(x0)
6s31,0.0013327655579574*x0**2,x0*0.616098*(x0*0.0021632363 - 0.01890689) + (exp(1.1736859 - x0**x0) - 0.2770224)*0.011302938,NA,NA,NA
neclaftp4002,2.4235845e-7*x0,2.4235845e-7*x0,polynomial,x0**2,**
6s405rb611,4.00000000039258e-7*x0,-x0 + x0*0.15612522 + x0*0.84387517 - 0.27902126,linear,4.00000000039258e - 7 * x,O(x)
oski15a01b02s,3.435*x0,3.435*x0,linear,x0**2,O(x0^2)
pdtvsar8multip16,0.00442171*x0,0.00442171*x0,linear,x0**2,O(x0**2)
shift1add262144,2.595011e-7*x0,x0*2.595011e-7,NA,NA,NA
6s374b029,8.99999999859347e-7*x0,-5.875171*x0 + x0 + (-x0 + x0 + 4.7706738)*1.6725771 + (x0 + x0 + x0 - 5.810646)*1.6250573,linear,8.99999999859347e - 7 * x0,O(x0)
6s410rb043,7.56700000259514e-6*x0,exp(x0**0.3589936),linear,x,O(x)
6s350rb46,0.10543258**x0*x0,0.10543258**x0*(x0 + 0.043329295) + x0*1.296 - 1*(-0.3662525) + 0.66774654,NA,NA,NA
oski15a01b79s,3.6017624e-8*x0**1.121162,3.6017624e-8*x0**1.121162,polynomial,3.6017624e-8,O(x0^2)
oski15a14b17s,exp(0.19061522*x0**0.20762417),exp(0.19061522*x0**0.20762417),exponential,exp(0.19061522,**
circular_pointer_top_w64_d8_e0,1.7165105e-5*x0,1.7165105e-5*x0,linear,1.7165105e - 5 * x0,O(x0)
oski2b3i,4.33599999988266e-7*x0,4.33599999988266e-7*x0,linear,x0**2,O(x0**2)
qspiflash_dualflexpress_divthree-p068,4.75618970227311e-5*exp(x0**0.19018903),exp(x0**0.19018903 - x0 + x0 - 1*7.824909 - 2.1285696),NA,NA,NA
qspiflash_dualflexpress_divthree-p054,1.5639925e-8*x0**1.5232223,x0**1.5232223*1.5639925e-8,NA,NA,NA
mentorbm1p02,0.422148192301267*exp(0.008949281*x0**0.35811257),0.422148192301267*exp(0.008949281*x0**0.35811257),exponential,0.422148192301267 * exp(0.008949281 * x0^0.35811257),O(exp(x0^0.35811257))
bobsynthor,6.5865686e-7*x0,x0*8.3596916e-7 + exp((-x0 + x0 - 0.6177703 + 0.26053277)*(-x0 + x0*(-2.2098322e-7) + x0 + 0.14030196 + 18.380957)) - 2.4747071,linear,x0,O(x0)
6s205b20,5.79281957877077e-16*x0**2,(-x0**0.9564359 - 3.260322e-7*(x0**1.484051)**1.1553057)*(-5.38424e-7),polynomial,5.79281957877077e - 16 * x0^2,O(x0^2)
oski15a10b03s,((-x0 + x0 + 1.0317056)**4.0120406 + 1.2616088)**2.0208986,((-x0 + x0 + 1.0317056)**4.0120406 + 1.2616088)**2.0208986,polynomial,5.860000000000001,O(1)
vis_arrays_buf_bug,x0**0.27113262,x0**0.2711336,NA,NA,NA
qspiflash_dualflexpress_divthree-p134,3.286756e-15*x0**2.7261307,exp(x0**0.424705*0.01322711 - x0 + x0 + 0.08743063)*0.9208597 - 1*38.824677,NA,NA,NA
pj2015,exp((x0**0.20242941 + 7.99999999756551e-6*x0 - 0.76522565)**0.30946097),exp((x0**0.20242941 - 31.730782*x0 + x0 + x0*30.73079 - 0.76522565)**0.30946097) - 51.481777,NA,NA,NA
eijks208o,8.1530676e-9*x0**1.94141,8.1530676e-9*x0**1.94141,polynomial,x0^2,O(x0^2)
139444p0,3.5487665e-7*x0,x0**1.0600407*1.18535404e-7,unknown,unknown,unknown
oski15a10b15s,1.49999999905504e-5*x0,1.49999999905504e-5*x0,linear,x0,O(x0)
6s329rb20,4.55999999982026e-7*x0,-(x0*(-0.25170517) - 4.270457) + exp(-0.080012225*x0 - (x0*0.011637066)**(x0*(-2.0759916)) + 10.475953),linear,4.55999999982026e - 7 * x0,O(x0)
eijks420,1.7807753e-7*x0**1.6781452,1.7807753e-7*x0**1.6781452,polynomial,1.7807753e - 7 * x0^2,O(x0^2)
qspiflash_qflexpress_divfive-p139,2.0315986e-10*x0**1.8621831,x0*2.3309712e-11*x0,NA,NA,NA
pdtvisvsa16a27,9.306266e-8*x0**1.0695499,9.425677e-8*x0**1.068845,NA,NA,NA
oski15a14b01s,4.1276598e-7*x0,4.1276598e-7*x0,linear,x0,O(x0)
buggy_ridecore,-1.8452979*1.02245**(2.00000000205591e-6*x0),-1.8452979*1.02245**(2.00000000205591e-6*x0),unknown,unknown,unknown
6s159,4.30146227144429*exp(5.78673902744582e-8*x0),exp(0.101146795*(x0*5.4640684 - (x0 - (-4.464067)*x0) - 0.5913479*(x0*5.4640684 - (x0 - (-4.464067)*(x0 - 1*(-4.464067)) - 1*(-4.464067))))),exponential,4.30146227144429 * exp(5.78673902744582e - 8 * x0),O(exp(5.78673902744582e - 8 * x0))
power2eq65536,2.7524922e-7*x0,x0*2.7524922e-7,NA,NA,NA
vgasim_imgfifo-p089,1.2673837e-12*x0**2,(x0*(-2.9999998) + x0 + x0 + x0 + 0.15587974)*56.667328,NA,NA,NA
6s310r,0.00675831415912301*exp(x0**0.17116563),2.8499124**(x0**0.16825372 - x0 - (x0**(-0.17243807) - x0) - 4.7234907),exponential,0.00675831415912301 * exp(x0 ** 0.17116563),O(exp(x0 ** 0.17116563))
oski15a01b33s,(3.90000000016766e-7*x0 + 0.051185787)**1.0041546,(3.90000000016766e-7*x0 + 0.051185787)**1.0041546,polynomial,(3.90000000016766e - 7 * x0 + 0.051185787)^K,O(x0^K)
qspiflash_dualflexpress_divfive-p058,-x0**0.30773556,-x0**0.30773556 + x0*7.61227e-5,NA,NA,NA
mentorbm1and,0.876083007239513*1.3223543**(0.243731468173649*exp(x0**0.09109456)),0.876083007239513*1.3223543**(0.243731468173649*exp(x0**0.09109456)),exponential,(0.876083007239513 * 0.243731468173649 * exp(x0 ^ 0.09109456)) * 1.3223543^K,O(1.3223543^K)
cal37,exp(1.1662419**(x0**0.17272924)),x0*(x0*x0*5.1569818e-17 + 0.00015789353),exponential,exp(1.1662419 * (x0 ** 0.17272924)),O(exp(1.1662419 * (x0 ** 0.17272924)))
qspiflash_dualflexpress_divthree-p153,6.31514255767759e-17*x0**3,x0*6.869161e-11*x0*(-(-x0 + x0*(-2.7953529e-5) + x0*2.7034182e-5 + x0) - 0.83132046),NA,NA,NA
pdtvistwoall3,2.9139463e-7*x0,2.9139463e-7*x0,linear,x0**2,O(x0**2)
oski15a01b25s,3.79999999994274e-7*x0,3.79999999994274e-7*x0,linear,3.79999999994274e - 7 * x0,O(x0)
beemfwt3f3,1.17877406e-7*x0**1.0678749,exp(x0**0.22982651 - 1*1.7399281),polynomial,1.2589899e-7 * x0^K,O(x0^K)
mul7,6.42611430326846e-7*x0,6.42611430326846e-7*x0,linear,6.42611430326846e - 7 * x0,O(x0)
bobtuint19neg,2.0853322e-5*x0,x0*2.0853322e-5,linear,x0,O(x0)
6s309b034,0.4656945*exp(4.85257660054472e-7*x0),(exp(-x0 + x0 + 2.0755045) + exp(x0**0.21249309 - x0 + x0 - 27.978043))*3.4924276,exponential,0.4656945 * exp(4.85257660054472e - 7 * x0),O(exp(x0))
picorv32_mutBY_nomem-p4,(x0**0.10231167 - 2.5822142)**(x0**(-0.089870123015955) + 7.5545235),(x0**0.10231167 - 2.5822142)**(x0**(-0.089870123015955) + 7.5545235),linear,7.5545235,O(x0^(0.10231167))
intel007,5.1288085e-10*x0**1.7820728,5.1288085e-10*x0**1.7820728,unknown,9.139686667e-10,**\n
6s43,4.78772182883628e-17*x0**3,exp(x0**0.18663967 - x0 + x0 - 8.859409 - 0.19110359) - 18.47899,polynomial,4.78772182883628e - 17 * x0^3,O(x0^3)
bobsynthand,3.3125622e-7*x0,x0*3.3125468e-7,linear,3.3125622e,O(x0)
6s350rb35,0.32000688**x0,0.32000688**x0,exponential,1,**
neclabakery001,1.1677012e-9*x0**2,1.1677012e-9*x0**2,polynomial,1.1677012e,O(x0^2)
oski15a01b09s,8.46407876897715e-7*x0,8.46407876897715e-7*x0,linear,8.46407876897715e-7 * x0,O(x0)
qspiflash_qflexpress_divfive-p017,4.4117397e-7*x0,x0*4.4117397e-7,NA,NA,NA
rast-p21,8.0594606e-7*x0,1.0675329**exp(-x0 + x0 + exp(exp(x0*(-7.1155256e-7))) + 0.6838251) + x0*7.9328703e-7,NA,NA,NA
oc8051gmc5addr,x0**0.35106033,x0**0.35106033,linear,x0,O(x0)
intel012,11.2343600000000,11.2343600000000,polynomial,11.23436,O(1)
qspiflash_dualflexpress_divthree-p032,0.00340457109090084*exp(2.629696*x0**0.10359818),x0*0.00043663167 - 1*255.76642,NA,NA,NA
cal129,0.320000000000000,0.320000000000000,NA,NA,NA
pdtvishuffman1,2.8558574e-7*x0,2.8558574e-7*x0,linear,x0,O(x0)
zipcpu-zipmmu-p48,2.0547328e-7*x0**1.3751045,x0**1.3715628*2.1755002e-7,NA,NA,NA
oski15a08b05s,-0.00030763418*x0**4,-0.00030763418*x0**4,polynomial,0,O(1)
bobsm5378d2,exp(0.08791455*x0**0.28765112),exp(x0**0.28765112*0.08791455),exponential,exp(0.08791455,O(exp(0.08791455
139443p0,0.0052445456*x0,0.0052445456*x0,unknown,unknown,unknown
bobtuintorneg,3.206776e-7*x0,3.206776e-7*x0,linear,3.206776e-7 * x,O(x)
bob05,2.23169750136232e-5*exp(1.1464918*x0**0.1721605)*exp(x0**0.1721605*exp(-0.27587244*x0**0.14086746))*exp(-9.341683*exp(-0.27587244*x0**0.14086746)),exp(x0**0.18420449 - x0 + x0 - 11.190794),exponential,2.23169750136232e,O(exp(x0**0.1721605))
zipcpu-pfcache-p27,3.79320556940071e-7*x0,x0*3.8783062e-7,NA,NA,NA
6s164,8.9730904e-8*x0**1.0766534,x0**1.0728079*9.561563e-8,unknown,8.9730904e-8,**
bj08amba2g1,3.23955e-7*x0,x0*3.2906607e-7,linear,3.23955e,O(x0**2)
eijks444,3.68299175943325*exp(5.8708712e-5*x0),3.68299175943325*exp(5.8708712e-5*x0),exponential,3.68299175943325,O(exp(5.8708712e
oski3b0i,95.0837072037684,(-x0 + x0 + 0.9324039)*x0*2.4306451e-5,NA,NA,NA
picorv32_mutAX_nomem-p5,6.36287936212933e-8*x0**1.3700565,exp((x0 + x0 - (-572.5769)*(x0 - 0.32079098) - (-x0 + x0 + (x0 - 1*0.39355606)*574.57684))**0.25650284)**1.2153239,NA,NA,NA
bobunr2p10d40l,8.454611e-7*x0,8.454611e-7*x0,linear,8.454611e - 7 * x0,O(x0)
pdtvissoap2,5.1124494e-10*x0**2,x0**exp(-x0 + x0 - 0.5879654)*(x0*x0**0.01310779*2.0692834e-5 - x0 + x0*(-2.4551096e-5) + x0 - 1*(-0.018990315)),NA,NA,NA
cal34,3.0049996*x0**2,x0*3.0049996*(x0 - 1*7.0948386) + exp(-18.32494) - 1*(-18.32494),NA,NA,NA
6s216rb0,3.2323933e-7*x0,0.82647794 - 0.19000256*(-x0 + x0*(-1.2849574e-6) + x0*(-3.843622e-7) + x0 + 3.9293025),linear,3.2323933e,**
intel038,1.51622162166676e-5*exp(x0**0.1637571),1.51622162166676e-5*exp(x0**0.1637571),exponential,1.51622162166676e-5,O(exp(x0
oski2b4i,1.0782658950025e-6*x0,-0.8587788*x0 - 0.14122012*x0 + x0 + (-x0 + x0 - 0.2743891)*17.99937 + 3.6422412,NA,NA,NA
intel004,5.4807877e-11*x0**2,5.4807877e-11*x0**2,polynomial,5.4807877e - 11 * x0^2,O(x0^2)
picorv32_mutBY_nomem-p7,-6.4006*0.64520986357289**x0*x0,(0.75502306**x0 + (x0 - 1.8907076)*(-19.316973) + 175.29689)*6.4006*(x0*(-0.8545565**x0 - 1.0209005) + x0 - 1*(-0.8735221)) - 1*(-2.3925433),NA,NA,NA
oski15a01b29s,4.13999999997194e-7*x0,4.13999999997194e-7*x0,linear,4.13999999997194e - 7 * x0,O(x0)
bob2,3.0696828e-10*x0**2,x0*3.0696828e-10*x0,polynomial,x0^2,O(x0^2)
circular_pointer_top_w32_d32_e0,3.2276086e-5*x0,x0*(-447.4141) + x0*30.20976 + x0*165.3173 - (-251.88705)*x0,linear,3.2276086e-5 * x0,O(x0)
qspiflash_qflexpress_divfive-p029,6.672197e-11*x0**1.8718778,x0**1.8084675*1.8536367e-10,NA,NA,NA
6s54,5.74762506070078e-27*x0**4.424102,x0**(x0**0.059174053)*(x0 - (x0 - 0.19506001) + 0.15390247)*1.6187125e-13,polynomial,5.74762506070078e,O(x0^5)
beemskbn3f1,exp((1.29999999991526e-5*x0 + 7.8562042032804)**(x0**(-0.06999242))),exp(5.1824694**exp(x0 - (x0**(-0.08791716) + x0))),exponential,e,O(1)
zipcpu-busdelay-p30,-0.00011345268*x0,(8.450514 - (-1.2446775e-9)*x0*x0)*(-x0 - (-5.031354e-7)*x0 + x0),NA,NA,NA
6s320rb0,-x0**3,-x0*(93.73119 - x0*(27.82235 - x0)) - x0 + x0 - 102.11476 - 1*(-33.1243) + 135.98932,NA,NA,NA
oc8051gm98addr,exp(0.0547567503849064*x0**0.29331633),exp(0.0547567503849064*x0**0.29331633),exponential,exp(0.016049000000000002 * x0^K),O(exp(0.016049000000000002 * x0^K))
6s41,2.7777594e-10*x0**2,x0**0.55915385*(-x0 + x0*1.9909788e-7 + x0 - 0.08190029),polynomial,2.7777594e - 10 * x0^2,O(x0^2)
oski15a01b05s,4.20808293201686e-7*x0,4.20808293201686e-7*x0,linear,4.20808293201686e - 7 * x0,O(x0)
pdtpmss1269b,4.4937906e-7*x0,x0*4.4940262e-7,NA,NA,NA
qspiflash_dualflexpress_divfive-p112,exp(1.0219251*1.0869508**(x0**0.20172685)),x0*x0*3.0468645e-11,NA,NA,NA
picorv32_mutBY_nomem-p6,0.367349669331519*x0**0.48526704,0.367349669331519*x0**0.48526704,linear,0.367349669331519,O(x0^2)
cal102,8.87000000000000,8.87000000000000,NA,NA,NA
intel039,9.27913479685926e-7*x0,9.27913479685926e-7*x0,linear,9.27913479685926e - 7 * x0,O(x0)
6s384rb024,2.33089024276642e-6*x0**0.88875794,x0**0.9247951*1.1586664e-6,linear,x0,O(x0)
cal35,exp(0.046632536*x0**0.34089446),1.1829723**(-x0 + x0 + exp(x0**0.08984057) - 0.70697784),exponential,exp(0.046632536 * x0 ** 0.34089446),O(exp(0.046632536 * x0 ** 0.34089446))
6s401rb051,-1.6123114/x0**0.062447555,(0.35511112 - (-x0 + x0*(-0.09265782) + x0 + 1.4533343))*0.35511112 - (-0.032903463)*(x0 - (x0 - (8.676438 - x0))),linear,0,O(1)
cal21,4.94421133488127e-5*exp(x0**0.22686891),exp(x0**0.2643298*0.5388359 + x0 + x0 - (-1/x0**0.39085203 + x0) - (-1/x0**0.39085203 + x0) - 5.8335466)*0.17911342 - 2.3151064,exponential,4.94421133488127e,O(exp(x0
qspiflash_dualflexpress_divthree-p151,7.08945563240873e-6*exp(x0**0.19705291),exp(x0*(-1.0000013) + x0 - 2.1651874)**(-1.1562597),NA,NA,NA
neclatcas1a001,2.786345e-7*x0,2.786345e-7*x0,linear,2.786345e,**
circular_pointer_top_w32_d16_e0,exp(0.0299842378304537*x0**0.32413635),exp((-86.68133*x0 + x0*86.68135)**0.32413635),exponential,exp(0.009720000000000001,**
zipcpu-pfcache-p24,1.2311503e-6*x0,x0*1.231151e-6,NA,NA,NA
bobtuttt,4.517096e-6*x0,4.517096e-6*x0,linear,x,O(x)
viselevatorp2,2.4235e-5*x0,x0*2.4235e-5,NA,NA,NA
zipcpu-pfcache-p20,4.106878e-7*x0,x0*4.106829e-7,NA,NA,NA
picorv32_mutBX_nomem-p5,3.00000000379441e-5*x0,3.00000000379441e-5*x0,linear,3.00000000379441e - 5 * x0,O(x0)
6s344rb054,1.3242187952816e-32*x0**4,(-(-4.6051157e-26)*x0*x0*x0*x0 + x0)*2.8755386e-7,polynomial,1.3242187952816e - 32 * x0 ** 4,O(x0^4)
6s374b114,(8.533967e-11*x0**1.5198421 + 5.7807371 - 6.521826664715*exp(-8.533967e-11*x0**1.4124684))**0.99785006,x0 - (x0 - 1*(-0.003193751)) + exp((x0*0.055694394)**0.14837793 - 5.181949),polynomial,8.969e-11,**
ridecore,-1.872098*x0**0.2334957,(-x0 + x0 + 28.768406)*(-0.48692816*x0 + x0 + x0 + (-x0 - 1.8266419)*1.5130718 + 0.76762086 + 2.299117),NA,NA,NA
6s380b129,1.91323022130672e-8*x0**1.1521593,(-x0 + x0 + x0**1.1521593*9.045552e-8 + 3.1663985)*0.21151061,polynomial,0.0000000191323022130672 * x0^2,O(x0^2)
vgasim_imgfifo-p064,5.5837245e-6*x0,x0*5.5839687e-6,NA,NA,NA
qspiflash_dualflexpress_divthree-p141,8.437e-12*x0**2.0949697,1.0299166**(x0**0.35285854),NA,NA,NA
6s380b511,-3.7164955e-5*x0**0.6972372,x0**1.0976316*6.478153e-8,linear,0,O(1)
intel001,3.73293e-14*x0**2.4586387,1.26411426e-14*x0**2.5300066,polynomial,3.73293e - 14 * x0^3,O(x0^3)
cal106,5.24000000000000,5.24000000000000,polynomial,5.24 * K**0,O(1)
cal112,15.0000000000000,15.0000000000000,linear,15,O(1)
qspiflash_dualflexpress_divfive-p116,0.000114304446491241*x0,x0*(x0 - (x0 + 0.22215475))*(-0.00044969772),NA,NA,NA
texasparsesysp2,3.8284867e-7*x0,x0*3.8284867e-7,NA,NA,NA
oski15a01b04s,4.27000000025046e-7*x0,4.27000000025046e-7*x0,linear,4.27000000025046e - 7 * x0,O(x0)
miim,2.5655051e-8*x0**1.6406021,2.5655051e-8*x0**1.6406021,polynomial,2.5655051e-8,O(x0^2)
6s355rb11080,0.045066822*x0**0.07433416,-0.07109138*x0 + x0*0.071091644,linear,0.045066822,O(K^0.07433416)
qspiflash_qflexpress_divfive-p038,7.0208305e-12*x0**2,x0**1.8080596*1.5613892e-10,NA,NA,NA
pdtpmsrotate32,8.324763e-7*x0,x0*8.324767e-7,NA,NA,NA
kenflashp08,3.333927e-7*x0,x0*3.333927e-7,linear,3.333927e - 7 * x0,O(x0)
bj08amba2g3f3,0.5481537*exp(exp(0.21627864*x0**0.15578444)),exp(x0**0.3234018),exponential,0.5481537,O(exp(exp(0.21627864
oski15a14b11s,4.02375e-7*x0,4.02375e-7*x0,linear,4.02375e - 7 * x0,O(x0)
picorv32_mutAY_nomem-p6,-(x0**2)**0.1874007,x0*(exp(-x0 - x0 - x0 + x0 + x0 + x0 - 0.69474036 + 5.222556)*3.5362433e-7 - 1*(-3.29598e-5)) - 1.7245947,NA,NA,NA
bc57sensorsp1neg,2.99999999811007e-5*x0,(x0*(-14.464983) + x0*8.896952 - (x0*(-5.5680327) - 1.0468793))**2.3545716,linear,2.99999999811007e - 5 * x,O(x)
texasparsesysp3,4.152963e-6*x0,(2.265266**(x0 - (x0*(-1.731161e-7) + x0 + 1.0325304)) - (-4.1680105e-6)*x0 - 1*11.604439)*1.3298041,NA,NA,NA
oski2b5i,x0**0.19068508,x0**0.19068508 + x0*(-1.6262001) + x0*(-0.37379903) + x0 + x0 - 18.56861,NA,NA,NA
picorv32-check-p12,1.0214664**(x0**0.337061),x0*1.1817174e-12*x0,NA,NA,NA
pdtswvtms12x8p1,3.500444e-11*x0**2,3.500444e-11*x0**2,polynomial,3.500444e-11 * x0^2,O(x0^2)
bob9234specand,3.314373e-7*x0,x0*3.314373e-7,linear,3.314373e - 7 * x0,O(x0)
vgasim_imgfifo-p105,exp(3.1590088e-7*x0),exp(x0*3.1590088e-7),NA,NA,NA
qspiflash_dualflexpress_divthree-p034,-x0**0.538265,x0*0.0009923173 - (x0**0.538265 - exp(x0**0.09571578 - x0 + x0 - 1*(-2.9299092))),NA,NA,NA
picorv32_mutBY_nomem-p3,68.3688612801581,68.3688612801581,polynomial,68.3688612801581,O(1)
oski15a10b05s,2.04988930274652e-8*x0*x0**(4.0997786e-8*x0 + 0.06720817),2.04988930274652e-8*x0*x0**(4.0997786e-8*x0 + 0.06720817),exponential,2.04988930274652e-8,O(x0^(4.0997786e-8
ndista128,2.728903e-7*x0,2.728903e-7*x0,linear,x0**2,O(x0**2)
neclaftp2002,-0.03426356*x0**0.22026053,-0.03426356*x0**0.22026053,linear,0,O(1)
oski15a10b13s,1.37365201883785e-8*x0,1.37365201883785e-8*x0,polynomial,x0**2,O(x0**2)
oski15a01b69s,3.74292376509322e-7*x0,3.74292376509322e-7*x0,linear,3.74292376509322e - 7 * x0,O(x0)
viselevatorp3,2.8836292e-5*x0,x0*2.8836244e-5,NA,NA,NA
oski15a14b07s,3.31999999998722e-7*x0,3.31999999998722e-7*x0,linear,x0,O(x0)
viselevatorp1,3.350392e-7*x0,(x0 - exp(x0 - (x0 - (x0*3.365783e-7 + 2.2860296)) + 6.9571404))*3.4222947e-7,NA,NA,NA
power2sum32,3.2868306e-7*x0,x0*3.2868306e-7,NA,NA,NA
beemptrsn1b1,0.74166775*exp(0.30811512*x0**0.21794698),x0*x0*(-12424.731) + x0 + x0*x0*12424.736,exponential,0.74166775 * exp(0.30811512 * x0^(0.21794698)),O(exp(x0^(0.21794698)))
pdtpmsarbiter,2.7743985e-7*x0,x0*2.7744107e-7,NA,NA,NA
oski15a14b27s,9.70000000016791e-7*x0,9.70000000016791e-7*x0,linear,9.70000000016791e - 7 * x0,O(x0)
oski2ub0i,2.40763709916333,(-97.165146*x0 + x0*97.16515 + 108.936424 + 288.33414)**exp(x0 - (x0 - 1*(-0.9987829))),NA,NA,NA
oski15a01b49s,7.3821872371336e-7*x0,7.3821872371336e-7*x0,linear,x0**2,O(x0**2)
6s209b0,3.0993095e-7*x0,-(-3.0993095e-7)*x0 + exp(-x0 + x0 - 1.7319221),linear,3.0993095e - 7 * x0,O(x0)
oski15a14b31s,-7.012045e-24*x0**3,-7.012045e-24*x0**3,polynomial,-,O(x0^3)
boblivea,1.73980698689198*exp(0.008393654*x0**0.49567702),exp(0.008393654*x0**0.49567702 - x0 - x0 + x0 + x0 + 0.27158988 + 0.2821843),exponential,1.73980698689198 * exp(0.008393654 * x0**0.49567702),O(exp(x0**0.49567702))
bobtuint17neg,2.4085291e-5*x0,x0*2.4085388e-5,linear,x0**2,O(x0**2)
picorv32_mutAY_nomem-p4,0.0615137983021991*exp(x0**0.14389938),exp(-x0**0.1284466 + x0**0.17668678 - x0 + x0 - 1.5498505 - 0.4307171)*1.4098347,NA,NA,NA
rast-p19,7.69999999983284e-7*x0,(-x0 + x0*6.6859576e-7 + x0 + 0.72633874)*1.1876016,NA,NA,NA
bobtuint09neg,1.030376**(x0**0.33610865),1.030376**(x0**0.33610865),exponential,1.030376 ^ (x0 ^ 0.33610865),O(1.030376 ^ (x0 ^ 0.33610865))
zipcpu-busdelay-p36,2.6293520558052e-13*x0**2.539037,x0*x0**1.539037*4.870998e-9*((-x0 + x0*1.4901055e-7 + x0)*x0*1.6697664e-10 + 5.397974e-5),NA,NA,NA
6s284rb1,4.68024175618771*11.788548**((-x0 + x0 + 1.331209)**(x0**0.09292134 - x0 + x0))/11.788548**(x0**0.091271535),11.788548**(-(x0**0.091271535 + x0 - (x0 + 0.6255652)) + (-x0 + x0 + 1.331209)**(x0**0.09292134 - x0 + x0)),unknown,unknown,unknown
rast-p18,8.72122855044566e-7*x0,x0 - 0.71732175*(x0*0.39407334 + x0),NA,NA,NA
6s403rb1342,4.50000000096207e-7*x0,x0 + (x0 - 1*1.0)*(-0.99999964),linear,4.50000000096207e - 7 * x0,O(x0)
bobtuint21neg,2.414349e-5*x0,2.414349e-5*x0,linear,2.414349e - 5 * x0,O(x0)
oski15a01b73s,4.13999999990255e-7*x0,4.13999999990255e-7*x0,linear,4.13999999990255e - 7 * x0,O(x0)
picorv32-check-p05,1.2950252e-12*x0**2,exp(x0**0.14994824 - 6.1708155),NA,NA,NA
qspiflash_dualflexpress_divfive-p128,7.88096730642344e-7*exp(x0**0.1845231),exp(x0**0.1845231 - 14.053645),NA,NA,NA
intel003,9.0365785e-7*x0**0.935462,9.2449426e-7*x0**0.9340398,linear,9.0365785e - 7 * x0,O(x0)
arbitrated_top_n2_w128_d32_e0,x0**0.54405061,(x0 + 0.998708)*(exp((30.820435 + x0*(-0.98344654))*(x0 - 20.919594) - 1*(-0.45475242)) + 0.16063632),polynomial,x,O(x0^2)
oski15a10b09s,7.07721909937288e-5*x0,7.07721909937288e-5*x0,linear,x0,O(x0)
intel017,2.71828182845905*exp(2.7475243769004e-7*x0),2.71828182845905*exp(2.7475243769004e-7*x0),exponential,2.71828182845905 * exp(2.7475243769004e - 7 * x0),O(exp(2.7475243769004e - 7 * x0))
139463p0,7.449956e-8*x0**1.0842199,(-x0 - x0 - 1.7944617)*(-5.600973e-7*x0 + x0 - (x0*(-4.0288955e-7) + x0) - 0.006782099),polynomial,7.449956e,O(x^2)
oski15a01b24s,3.49440682502864e-7*x0,3.49440682502864e-7*x0,linear,3.49440682502864e - 7 * x0,O(x0)
vgasim_imgfifo-p066,25.4869064141821,(x0 - (-x0 + x0 + x0 - 1*3.0074983))**2.9408224,NA,NA,NA
qspiflash_dualflexpress_divfive-p074,1.48038202360605e-10*x0**2,(x0 + x0)*(-x0 - x0 + x0*3.3285767e-7 + x0 + x0 - 1*0.1826269 - 1*(-0.17446162))*0.00022237463,NA,NA,NA
qspiflash_dualflexpress_divthree-p143,4.0946134e-7*x0,x0*4.0946134e-7,NA,NA,NA
cal33,0.486127*1.2006322**x0,0.486127*1.2006322**x0,polynomial,0.5836800000000001 * x0^K,O(x0^K)
vgasim_imgfifo-p099,exp(0.0150008835646426*x0**0.34434274),exp((x0*(-52.446053) - x0 + x0*0.33334124 - (-53.112717)*x0 - 4.947385)*0.07946309) + 11.878964,NA,NA,NA
139443p5,6.320862e-7*x0,x0*6.307109e-7 - (x0 - (x0 + 0.76992446)),polynomial,6.320862e - 7 * x0,O(x0)
shift_register_top_w16_d16_e0,8.029662/x0**113.27014,x0*(x0*(8.029662/x0**115.27014 - 1*0.18374842) + x0 - 1*8.844051) - 1*0.0018661411,NA,NA,NA
arbitrated_top_n5_w128_d8_e0,3.593268e-7*x0,x0*3.593268e-7 - exp(-(-x0 + x0 + exp(0.70955926**(0.35977432**(x0*3.593268e-7)*x0)*2.430226)) - 0.4602066),linear,3.593268e,**
power2sum128,2.967166e-7*x0,x0*2.967166e-7,NA,NA,NA
picorv32_mutAX_nomem-p2,1.1099938*exp(0.855964051194998/x0**0.8726976)**x0,4.1950774**(x0**0.10631309 - x0 + x0 - 1*0.8308592 - 0.5900882) - 1*17.648111,NA,NA,NA
neclaftp2001,4.49999999999062e-7*x0,4.49999999999062e-7*x0,linear,x0,O(x0)
oc8051gm7daddr,0.000104649079996038*x0,0.000104649079996038*x0,linear,0.000104649079996038,**
beemelev1f1,3.7750957e-5*x0,x0*3.7750964e-5,linear,3.7750957e-5 * x0,O(x0)
oski15a01b65s,9.7451405e-8*x0**1.0777433,9.7451405e-8*x0**1.0777433,polynomial,K^2,O(K^2)
6s149,2.92980739780733e-6*x0,(x0 - (x0*(-8.274553) + x0 + x0*9.274552 - (x0 + 2.0288568)))*2.9298074,linear,2.92980739780733e - 6 * x0,O(x0)
zipcpu-pfcache-p22,exp((4.6993997e-17*x0**2.2785058 + 2.1045059)**0.51708835),x0*x0*(4.4043226 - (x0 - (x0*(-1.5465301e-7) + x0)))*(-1.6372466e-14),NA,NA,NA
